time,O2,CO2,CO,NOx,T,P,source_file
2025-01-01 12:00:00,5.338105140760071,10.804689510960513,28.09666598256333,73.53061618672845,200.68150287121998,101.47202889319075,synthetic_example.csv
2025-01-01 12:00:01,4.938275706336874,10.571616066203767,33.12903235930286,78.28193955594635,196.17495596141805,101.31422599186602,synthetic_example.csv
2025-01-01 12:00:02,5.0694592395133276,10.42456006144155,30.052339518480633,62.6414252828042,198.17800971913854,101.30334881467058,synthetic_example.csv
2025-01-01 12:00:03,5.175768212332619,10.440274705854677,34.21639500133256,69.86382052470998,203.40667269538412,101.17396141818557,synthetic_example.csv
2025-01-01 12:00:04,4.967756759988237,10.88629228558288,35.08071644175993,68.41474379607068,202.04133187415871,101.33103261957899,synthetic_example.csv
2025-01-01 12:00:05,5.157106582122322,10.554790009075832,34.8849727686767,67.6412128017977,202.17560964202963,101.360405469807,synthetic_example.csv
2025-01-01 12:00:06,5.18751233795534,11.011139981581277,35.06994264257218,70.43498202954383,199.46260549624634,101.25747030276196,synthetic_example.csv
2025-01-01 12:00:07,4.86755665474219,11.06512264569855,32.121272470497104,68.59781204564287,206.26954484818089,101.29526103489854,synthetic_example.csv
2025-01-01 12:00:08,5.452627862888479,10.717702284050748,37.28412852268091,68.59835384344235,205.5675669681188,101.2320323647082,synthetic_example.csv
2025-01-01 12:00:09,5.399544061335806,11.099814466858408,40.52131676334054,66.79105973798175,205.33039730735592,101.37128788130184,synthetic_example.csv
2025-01-01 12:00:10,5.184429960424196,10.8061553868886,32.33054833097555,72.09800762752862,202.11020443466148,101.4312023846498,synthetic_example.csv
2025-01-01 12:00:11,5.304971024712782,10.977539066567344,35.34099487125608,75.49067248310953,205.90201893580817,101.3356804904227,synthetic_example.csv
2025-01-01 12:00:12,5.4697695256583465,10.698494424693601,36.13855231762802,78.4759069744581,207.44049378025497,101.34866612534567,synthetic_example.csv
2025-01-01 12:00:13,5.345502253892191,10.925821068786489,42.30777089473542,67.77418457249084,204.90264313562022,101.30324465875849,synthetic_example.csv
2025-01-01 12:00:14,5.377893741165188,10.53494790343187,41.64157659666239,65.22774013257605,205.46143095143222,101.23399375981441,synthetic_example.csv
2025-01-01 12:00:15,5.164043039838703,10.83705576999659,32.80242292827623,69.28108357195164,205.41246996536455,101.2209641596522,synthetic_example.csv
2025-01-01 12:00:16,5.593404925337378,10.608878274482581,37.02412400347207,66.5129095277235,207.955994399208,101.25768210025625,synthetic_example.csv
2025-01-01 12:00:17,5.534584835342691,10.662118297886924,29.40404812881882,75.9307556351517,206.67846165193265,101.30956877605082,synthetic_example.csv
2025-01-01 12:00:18,5.591515629643162,10.801401074581365,32.26004033243143,66.782670610987,206.90741797810355,101.29742229164988,synthetic_example.csv
2025-01-01 12:00:19,5.2576023768201265,10.695758378972144,37.37807375948271,71.345937466912,205.02178165194917,101.39904362210682,synthetic_example.csv
2025-01-01 12:00:20,5.918773481981535,10.631845002197881,40.670046220833484,64.35289792074316,204.98945510229268,101.37187377287653,synthetic_example.csv
2025-01-01 12:00:21,5.6446440600855965,10.777139416844022,42.51167318778859,69.41840131532796,210.57125777067108,101.44628634878367,synthetic_example.csv
2025-01-01 12:00:22,5.560884625865647,10.776463044503773,36.406987003323586,72.2191257167918,212.2222355413329,101.3755076101619,synthetic_example.csv
2025-01-01 12:00:23,6.068030677838554,10.32244882275378,31.41949546447023,79.00504416366839,211.17551265264967,101.2739297746232,synthetic_example.csv
2025-01-01 12:00:24,5.67638693570242,10.694273982577675,40.3938405424982,67.99009109677972,212.6522409193137,101.3078628159365,synthetic_example.csv
2025-01-01 12:00:25,5.417897579118279,10.6991434332991,37.77134700364296,73.39781460903934,209.09981531231853,101.13647289425195,synthetic_example.csv
2025-01-01 12:00:26,5.64885584694338,10.396498052383576,40.98545744399528,61.25433443526261,210.44094680620077,101.46457046125589,synthetic_example.csv
2025-01-01 12:00:27,5.293383765239011,10.605359352719269,39.89734962591559,65.70340898967703,211.64161357523528,101.24027192556727,synthetic_example.csv
2025-01-01 12:00:28,5.981327793976363,10.244186752327952,42.908410432858425,67.76227318562432,210.91571561779264,101.25767392899205,synthetic_example.csv
2025-01-01 12:00:29,5.707791448458735,10.7772284541294,42.83792682150952,69.43610233162367,214.93313896421586,101.47983861590882,synthetic_example.csv
2025-01-01 12:00:30,5.661430119835067,10.421678427523657,44.019761078695964,74.18052742464604,209.27909065079928,101.19147559154345,synthetic_example.csv
2025-01-01 12:00:31,6.0424873792607885,10.432878274680911,37.74493368789591,75.2794159944658,211.1227003717791,101.23687215944047,synthetic_example.csv
2025-01-01 12:00:32,5.515010903295568,10.667005587641876,45.2591610733296,64.17319500450245,211.90122933027456,101.29215281437857,synthetic_example.csv
2025-01-01 12:00:33,5.968707637445426,10.377492519073552,38.00944994311461,74.95934957867091,211.51013471831612,101.24063368767723,synthetic_example.csv
2025-01-01 12:00:34,5.464281392644959,10.503929774097209,41.194189778839494,66.82977457868627,214.93296453146166,101.30750376172924,synthetic_example.csv
2025-01-01 12:00:35,5.759406524600617,10.152403262143254,50.31935007109625,81.6775967210625,209.56731560942183,101.32305374431797,synthetic_example.csv
2025-01-01 12:00:36,5.664785384960845,10.225305137132768,43.049283537661346,74.16280131096696,216.14217847984608,101.36188384977821,synthetic_example.csv
2025-01-01 12:00:37,6.210918707861662,10.037801479770625,35.68548096480461,73.4562753320889,215.97993666890926,101.28799107818199,synthetic_example.csv
2025-01-01 12:00:38,6.283740485568121,10.251379697236304,49.22113230117271,71.90393634190657,215.10111491600495,101.36782628998407,synthetic_example.csv
2025-01-01 12:00:39,5.875688919388446,10.475657240642809,47.02429778428953,72.71853257306745,217.5515475626124,101.26558946689568,synthetic_example.csv
2025-01-01 12:00:40,6.119849355531486,10.290338518767507,47.9830386759487,72.9928823917904,219.7401985140397,101.35951403579365,synthetic_example.csv
2025-01-01 12:00:41,5.924894110208451,10.398395930827993,43.52553284901218,69.62232870664396,215.68720021835531,101.41595280190364,synthetic_example.csv
2025-01-01 12:00:42,6.082740998883667,9.992003029932775,44.52943102716284,76.90579525310953,217.05421214758033,101.12663707375701,synthetic_example.csv
2025-01-01 12:00:43,5.825838804380643,9.996107937928919,41.89809407038207,74.61943990368222,216.64506465374765,101.27653840979302,synthetic_example.csv
2025-01-01 12:00:44,5.641049210433135,10.054982575692566,39.82824328820876,77.11339879901736,217.16263517521978,101.3168583234649,synthetic_example.csv
2025-01-01 12:00:45,5.627435063111644,10.237796953918506,51.244660358814265,73.1585002957199,215.36022389091733,101.11088888490647,synthetic_example.csv
2025-01-01 12:00:46,6.069038559929369,10.169637181640306,42.02164869940926,76.96114227908026,215.17605378045033,100.99495427078838,synthetic_example.csv
2025-01-01 12:00:47,6.445309929367185,10.0702653289656,41.730713670654104,69.87285705633062,218.07070667296108,101.33007375470767,synthetic_example.csv
2025-01-01 12:00:48,6.052063965033444,10.172748125639993,42.1894648692377,91.57526224653802,216.03991887160964,101.23468352467623,synthetic_example.csv
2025-01-01 12:00:49,5.894663058840667,9.992793921043626,53.99337420187647,70.30197431852802,219.16813397952586,101.3770296240722,synthetic_example.csv
2025-01-01 12:00:50,6.382400334070611,9.993597216932491,49.34903446279105,71.72110361796365,219.11384871922192,101.29799758778513,synthetic_example.csv
2025-01-01 12:00:51,6.046879336383409,10.23369965750502,43.39746619630303,78.85866545116629,216.8364940421209,101.2977042947463,synthetic_example.csv
2025-01-01 12:00:52,6.018138568039142,9.830336532317636,45.28956195005073,80.30909421023621,218.65574161000868,101.2641391094291,synthetic_example.csv
2025-01-01 12:00:53,6.045812072339072,9.95903597443777,48.35254437923938,70.26277667494774,218.27662469829312,101.30919148233342,synthetic_example.csv
2025-01-01 12:00:54,5.965280320381337,10.219874923044847,50.47721253770347,66.02429335673958,218.02849699932264,101.20879640741946,synthetic_example.csv
2025-01-01 12:00:55,5.925337712862956,9.892954622866027,38.31897093962911,67.4446834219758,220.74482503321704,101.24787497907454,synthetic_example.csv
2025-01-01 12:00:56,5.694739973629888,9.989098273693402,51.17884651034998,69.56468904021564,218.7275936322338,101.37721208453165,synthetic_example.csv
2025-01-01 12:00:57,6.075585088383373,9.701815835115637,45.860256683372,70.70445144597836,219.27265716557176,101.27380595725975,synthetic_example.csv
2025-01-01 12:00:58,5.948867090446865,10.189995991609804,43.81262371603866,73.90148679227258,215.07932854964963,101.3493407391588,synthetic_example.csv
2025-01-01 12:00:59,6.198042966686543,9.324504725091057,45.58557214596842,79.96921381407128,220.29359030258266,101.29806251570236,synthetic_example.csv
2025-01-01 12:01:00,5.8763156890254065,9.523528968738672,51.79308347711011,80.31662285921587,216.35658035237,101.2653163959662,synthetic_example.csv
2025-01-01 12:01:01,5.558518260908745,9.515834109400018,56.92383571751719,71.95820536595713,218.58593097449014,101.20285417813245,synthetic_example.csv
2025-01-01 12:01:02,5.908652403632137,10.02704391859912,49.17142738228107,77.8067239013295,222.69141701431585,101.38275754427106,synthetic_example.csv
2025-01-01 12:01:03,6.256344829766361,9.750353711880532,51.518423755222,79.61455626857,223.1505021955752,101.21643149206106,synthetic_example.csv
2025-01-01 12:01:04,5.826708151180566,9.604483360530097,44.96777356341134,82.32189101431432,218.90382210356762,101.33616898709457,synthetic_example.csv
2025-01-01 12:01:05,5.711482290311957,9.378028125778963,51.80051686919647,74.60121714597418,217.26297276765442,101.14419886218539,synthetic_example.csv
2025-01-01 12:01:06,5.635915448400158,9.684998499851362,53.76482812377246,71.7769012886253,220.6559372822279,101.3259427067423,synthetic_example.csv
2025-01-01 12:01:07,5.648944598810909,9.613156446255005,42.52112796224032,79.33528458837188,219.13591064179647,101.33721677955907,synthetic_example.csv
2025-01-01 12:01:08,5.7823728314655805,9.430338435147798,47.70830850466886,83.2593516492223,220.6744957915211,101.23543244737138,synthetic_example.csv
2025-01-01 12:01:09,5.589044641501652,9.24963634369357,54.54030359229665,73.15836418180176,217.36390556014598,101.1380802564652,synthetic_example.csv
2025-01-01 12:01:10,6.106381428133725,9.30684730541654,42.10712669926052,85.61907151857389,222.33763916136516,101.28331966844146,synthetic_example.csv
2025-01-01 12:01:11,5.731340174870109,9.550006443706168,49.34930719545065,84.56670468707524,223.23459451304694,101.30916633534139,synthetic_example.csv
2025-01-01 12:01:12,5.789830385581752,9.549938914770316,54.5413210121891,74.75527598922659,217.2793905228352,101.24693022968971,synthetic_example.csv
2025-01-01 12:01:13,6.035221549094952,9.483285578181595,43.405895779348285,68.32286388212404,218.65078618705596,101.23162122683468,synthetic_example.csv
2025-01-01 12:01:14,6.026970052590351,9.419786063685404,50.19812845346177,73.27685469113938,218.8140037030643,101.38932179767252,synthetic_example.csv
2025-01-01 12:01:15,5.661773286939908,9.078346414851957,52.78010114566523,74.59628640591762,221.67305784841452,101.28779166620593,synthetic_example.csv
2025-01-01 12:01:16,5.748030854046736,9.424400886909481,57.284201629452525,79.11010340892803,216.27264712706028,101.25750759171567,synthetic_example.csv
2025-01-01 12:01:17,5.805282518241323,9.191272520531879,46.76667083933559,68.19514753490994,220.60467197232614,101.38287664388172,synthetic_example.csv
2025-01-01 12:01:18,5.59569548887608,9.389866424929913,59.03781076541277,88.79826176656823,219.70967893529178,101.29696457387932,synthetic_example.csv
2025-01-01 12:01:19,5.2540253538580535,9.458859956490043,55.35031357982193,88.44141100173017,218.55278973543136,101.22948115489078,synthetic_example.csv
2025-01-01 12:01:20,5.71532676924457,9.215664031504554,60.13960990588145,73.21610348712262,221.5008750235851,101.3853885596669,synthetic_example.csv
2025-01-01 12:01:21,5.73743514840946,9.131817113894762,60.306672460626935,67.6198114977356,216.1496486878604,101.2631178178839,synthetic_example.csv
2025-01-01 12:01:22,5.6152911914313,9.521422606860293,56.531451347456525,76.17616204959708,217.2526226576745,101.39071896329092,synthetic_example.csv
2025-01-01 12:01:23,5.320580755482907,9.379999609041677,57.59488923374374,79.2370743311017,218.35747757748672,101.23202092605197,synthetic_example.csv
2025-01-01 12:01:24,5.438682916474313,9.169938421951477,46.809270860485164,83.94273549850516,221.26527478598067,101.33095982414491,synthetic_example.csv
2025-01-01 12:01:25,5.331859913270496,8.685519521702926,49.09786357350217,80.86416528903777,219.0685843511661,101.42159590811694,synthetic_example.csv
2025-01-01 12:01:26,5.361751534367732,9.264784264958077,51.16574035078069,76.3898198880723,218.01411593131462,101.34418456489571,synthetic_example.csv
2025-01-01 12:01:27,5.65233317375404,9.390181863355735,54.79765698350816,67.65131925078948,220.53096544651288,101.34864226513504,synthetic_example.csv
2025-01-01 12:01:28,5.669745319199995,9.479138895534057,61.55095228853054,80.13867271818215,218.50201413618964,101.34349762074883,synthetic_example.csv
2025-01-01 12:01:29,5.468226033079129,9.110466787508901,48.316374372279036,81.89387724453626,218.05719354518166,101.38408639279083,synthetic_example.csv
2025-01-01 12:01:30,5.414273362134385,9.1093902024582,55.98397249940663,76.22191920995373,218.6155936234345,101.30716310146155,synthetic_example.csv
2025-01-01 12:01:31,5.409730546925677,9.142127226416333,51.32951829100909,79.24077411911865,219.76383690913275,101.34345994320579,synthetic_example.csv
2025-01-01 12:01:32,5.241565013302758,9.391766888751478,50.50066443539891,78.97689152241682,224.33082249121472,101.27640251595616,synthetic_example.csv
2025-01-01 12:01:33,5.198247843469637,8.983481063710007,66.02878630103454,76.83602069721574,216.62039154293407,101.49041264070871,synthetic_example.csv
2025-01-01 12:01:34,5.047807298971013,9.19086533380898,59.49354163235188,72.36553718208704,219.19120872984567,101.21228468188808,synthetic_example.csv
2025-01-01 12:01:35,5.140337903863267,9.024086682825017,67.5348047048848,79.95009567760803,218.16124514606847,101.38084968949143,synthetic_example.csv
2025-01-01 12:01:36,5.572325825552944,9.259523163141974,65.63933946995509,71.2412595391795,217.77851889361844,101.20199703329591,synthetic_example.csv
2025-01-01 12:01:37,5.26285017408908,8.892240786453709,55.47292350903052,85.43306779950053,221.15190539836593,101.35245594543184,synthetic_example.csv
2025-01-01 12:01:38,4.9892366159325,9.276563018061278,51.16915204924489,74.02450836496023,219.47437980429606,101.42930488410664,synthetic_example.csv
2025-01-01 12:01:39,4.93183530895393,9.100945673422004,71.15712788800295,81.07199596259244,219.07222689786138,101.19087688483702,synthetic_example.csv
2025-01-01 12:01:40,4.8218572967565025,9.155203341686978,59.14713980183051,75.048453086253,216.6213914983647,101.47300756348675,synthetic_example.csv
2025-01-01 12:01:41,5.038169213899514,9.305689923635455,55.816504680456404,80.68878887504859,215.62083402101564,101.2040882059271,synthetic_example.csv
2025-01-01 12:01:42,5.0101804758291,9.430621460771185,65.36348606195556,77.83020880934758,217.6814757727202,101.2179455017974,synthetic_example.csv
2025-01-01 12:01:43,4.611890658328841,8.864571351069394,62.95987753577086,81.63999583808548,216.29424674315376,101.33106537788038,synthetic_example.csv
2025-01-01 12:01:44,4.966524189530539,9.407577963225526,59.29154295958479,75.11402316271753,215.48404165948818,101.19039945902817,synthetic_example.csv
2025-01-01 12:01:45,4.724234314873165,9.322181689271462,61.291412494877385,71.007440420553,217.7278063978307,101.39595122954586,synthetic_example.csv
2025-01-01 12:01:46,5.0925049003447125,9.156077343733253,64.20143244754324,77.84422067343253,213.72898057506046,101.3476334574846,synthetic_example.csv
2025-01-01 12:01:47,4.807752310832525,9.50105813312361,64.13965541517099,77.58377221714454,214.42903218440264,101.03005010247657,synthetic_example.csv
2025-01-01 12:01:48,5.0893737889650295,9.264002865540244,67.92380805019849,71.91104302921761,217.1916271733933,101.15811495588731,synthetic_example.csv
2025-01-01 12:01:49,4.623898360842698,9.491740897689528,62.75653756867884,76.0716653119012,215.18351251454305,101.22755803204475,synthetic_example.csv
2025-01-01 12:01:50,4.627904568326156,9.122035741462987,63.18694073574374,71.24519249576515,216.40345069654668,101.34014119316248,synthetic_example.csv
2025-01-01 12:01:51,4.715752043581255,9.075541788802122,68.28589833770017,80.27581847391075,213.08316806647733,101.19300425602124,synthetic_example.csv
2025-01-01 12:01:52,4.837609892856494,9.502852976004146,67.22869381925928,77.9234634404047,215.90343578124987,101.22742747542507,synthetic_example.csv
2025-01-01 12:01:53,4.710596500677134,9.700546566592594,71.51763390320934,79.9565491461443,212.7831357004548,101.35997693073189,synthetic_example.csv
2025-01-01 12:01:54,4.322113609522025,9.404944920798139,65.18031656315166,92.98655562756005,216.60761515958956,101.2005324172573,synthetic_example.csv
2025-01-01 12:01:55,4.5772238799406315,9.46763525748362,66.3228007686181,80.85519863647959,215.1725331976158,101.32790932893924,synthetic_example.csv
2025-01-01 12:01:56,4.517372872604552,9.206532700618464,61.42018878690673,82.02187931481082,214.20508213423963,101.16369896393392,synthetic_example.csv
2025-01-01 12:01:57,4.3998726829110675,9.048884723544138,75.08295080795074,83.37948761250358,216.0256094189859,101.3974790767938,synthetic_example.csv
2025-01-01 12:01:58,4.329337081181306,9.282009658133394,61.00582269964505,79.63722870075576,213.3312127150781,101.43884584754723,synthetic_example.csv
2025-01-01 12:01:59,4.782281052884476,9.641218640210315,69.37377925798765,77.46666415354983,211.0404436332722,101.18509460555636,synthetic_example.csv
2025-01-01 12:02:00,4.329057436356046,8.983666895120544,64.29345449892244,84.90126210091998,215.06916675153178,101.06488760950236,synthetic_example.csv
2025-01-01 12:02:01,4.212906374271184,9.271934918267485,70.83086111313196,85.74529619242205,212.31717826715757,101.13212670725075,synthetic_example.csv
2025-01-01 12:02:02,4.485081476603673,9.003956834400043,73.25743920549324,66.10508125174462,213.71473786409186,101.39306261654801,synthetic_example.csv
2025-01-01 12:02:03,4.35998754510633,9.424990356358313,61.73168066273873,79.9641119037104,211.23303402552676,101.2415892531397,synthetic_example.csv
2025-01-01 12:02:04,4.295563809482418,9.595247842389691,69.26680833813339,79.16369148976067,212.8958220999156,101.4015740698604,synthetic_example.csv
2025-01-01 12:02:05,4.444533080615037,9.189488880022807,61.93221581239978,78.12607405664009,208.4843723147572,101.1656949713872,synthetic_example.csv
2025-01-01 12:02:06,4.364248673112781,9.374349748421116,78.13220772657876,87.24426927635304,207.32281389110656,101.20480802415403,synthetic_example.csv
2025-01-01 12:02:07,4.317938733004959,9.74010867368164,69.29090989705965,78.44728054909649,206.67375011228125,101.28574948130127,synthetic_example.csv
2025-01-01 12:02:08,4.418065060270859,9.47651705468521,64.02054939533386,85.52453788779708,210.62566600789327,101.4029488851715,synthetic_example.csv
2025-01-01 12:02:09,4.262443643031933,9.266112901017028,68.79083888742483,78.57668356388794,204.80420916584657,101.27590944059361,synthetic_example.csv
2025-01-01 12:02:10,4.063609844582743,9.270943362761773,79.25509334559665,79.33854983557711,204.78850078273612,101.19584958969651,synthetic_example.csv
2025-01-01 12:02:11,4.096620684329597,9.151960403759585,80.53490351385258,85.10474046022297,205.1312324214781,101.32689588046796,synthetic_example.csv
2025-01-01 12:02:12,4.0477883191439625,9.730683988514459,79.84947650893416,77.85699285326983,208.0412876860467,101.30571895465845,synthetic_example.csv
2025-01-01 12:02:13,4.177672540793276,9.448355629124485,69.97451981931191,80.82356406877335,208.05996116179384,101.34677248896975,synthetic_example.csv
2025-01-01 12:02:14,3.9047322757274463,9.829669555334574,73.53533295900755,76.20067338653674,205.1642063677108,101.27971584620829,synthetic_example.csv
2025-01-01 12:02:15,3.739316216007156,9.815269383614401,82.87145939994952,77.37532863071746,207.96880629247408,101.23574965714184,synthetic_example.csv
2025-01-01 12:02:16,4.109789963779308,9.532542420585623,71.44126477305888,85.49686563185341,206.6344745220611,101.29927817433158,synthetic_example.csv
2025-01-01 12:02:17,3.812111361525387,9.581974534515249,73.82765233874768,84.89327800999865,208.01215324865697,101.05274540077718,synthetic_example.csv
2025-01-01 12:02:18,3.677187885940321,9.866618440307967,71.1342851741503,76.33432318844824,207.07567953964968,101.32358134590203,synthetic_example.csv
2025-01-01 12:02:19,4.131340953759956,9.764389702602504,70.48597896114974,76.21858127292762,203.4057816814925,101.41856251907713,synthetic_example.csv
2025-01-01 12:02:20,3.9044895078842545,9.811945511890087,82.74062510199005,94.9505073965603,204.77323100510384,101.35172811706116,synthetic_example.csv
2025-01-01 12:02:21,4.136894517101465,9.45307624690624,80.2664389175352,79.08788994432496,203.6353490517301,101.2033054583153,synthetic_example.csv
2025-01-01 12:02:22,3.923420845250018,9.986366803632883,79.7649967468339,78.02829386195768,204.4750201999083,101.14591620116586,synthetic_example.csv
2025-01-01 12:02:23,3.7980821568988397,9.656280584104486,80.81923819604297,85.02560139845764,203.54504307190106,101.42707229140639,synthetic_example.csv
2025-01-01 12:02:24,3.767622093647497,9.402133203433229,83.43186035062024,78.66886759289044,202.7751518031261,101.24693450699371,synthetic_example.csv
2025-01-01 12:02:25,3.9081651253655494,9.757479921150317,86.2816339263149,80.80268218208158,203.72985140161663,101.27637573699573,synthetic_example.csv
2025-01-01 12:02:26,3.9522781179449535,9.990213080773412,79.09853731890433,87.17397182752293,202.0153010938907,101.3192275458182,synthetic_example.csv
2025-01-01 12:02:27,3.839050062152706,10.35028115611698,77.83514593819615,87.78042971944903,202.94000041590525,101.23874121530149,synthetic_example.csv
2025-01-01 12:02:28,3.9452943676714542,9.881401256137103,74.82520862821369,81.88577029552596,201.12714020211456,101.30112914883516,synthetic_example.csv
2025-01-01 12:02:29,3.6930580380472877,9.71516440691013,85.76083074426509,89.65834520922289,200.32379696531447,101.44520561811287,synthetic_example.csv
2025-01-01 12:02:30,4.002928734415377,10.430988331601684,78.1795123427797,82.31246843424609,202.06107333769992,101.24813918839104,synthetic_example.csv
2025-01-01 12:02:31,3.6420437913852055,10.063507849006198,73.68632076186499,81.91173938903827,201.70368251356632,101.48650762975645,synthetic_example.csv
2025-01-01 12:02:32,3.9637342815747156,10.004361231028309,80.22034008471606,83.15949491426332,201.85815730705937,101.33502881489567,synthetic_example.csv
2025-01-01 12:02:33,4.1446840680454295,9.866477828371332,82.09091556360642,81.73536045407235,200.22198713339836,101.32875409198016,synthetic_example.csv
2025-01-01 12:02:34,4.227317710581049,9.905878203447369,86.53651337592866,85.98152662492033,198.12371849919816,101.3906765671049,synthetic_example.csv
2025-01-01 12:02:35,4.356492038154962,10.427301296701952,87.79732098289608,84.83911625039171,198.5090659531575,101.38822654962465,synthetic_example.csv
2025-01-01 12:02:36,3.708021192660029,10.102191286829642,79.52801196627527,79.63139331254908,198.02775691992417,101.40146448118685,synthetic_example.csv
2025-01-01 12:02:37,4.177657582881562,10.073375578049465,79.58612647498457,84.48323012455289,193.78901304973135,101.35238911455156,synthetic_example.csv
2025-01-01 12:02:38,4.27476732117137,10.103383513490767,82.35045522809021,80.95274318855098,194.64250441673087,101.23991042560806,synthetic_example.csv
2025-01-01 12:02:39,4.238177614030124,10.543164615431497,78.33765139330217,80.85019906128976,199.51565555885685,101.45830059833968,synthetic_example.csv
2025-01-01 12:02:40,3.8657053125981493,10.135706763844224,84.24955466957482,83.11807002560765,195.9423063134854,101.28262781176373,synthetic_example.csv
2025-01-01 12:02:41,4.144372413741395,10.402968367419993,87.50690036994258,88.98152814033381,189.95969604072278,101.215161173724,synthetic_example.csv
2025-01-01 12:02:42,4.44539592681549,10.354037163855667,85.81801475482405,85.34825430179657,195.00732496028624,101.38604194018659,synthetic_example.csv
2025-01-01 12:02:43,3.786219321665325,10.371836439486259,77.93872095646284,90.38126890825824,195.16009732591704,101.3617215067125,synthetic_example.csv
2025-01-01 12:02:44,4.194136192331023,10.171386692246283,80.4465537255034,91.9275544502695,191.98456002136933,101.29458525504009,synthetic_example.csv
2025-01-01 12:02:45,4.335413630941257,10.501058046853755,93.23724174211972,84.0224908327091,198.57811075355207,101.30495291433458,synthetic_example.csv
2025-01-01 12:02:46,3.9886025430907415,10.713218134902467,82.14156221742006,81.24202117243837,195.88544639942256,101.35524083042883,synthetic_example.csv
2025-01-01 12:02:47,4.260343531969148,10.402811893269694,91.30046998625711,80.40559241015983,194.8645455378726,101.48780055074572,synthetic_example.csv
2025-01-01 12:02:48,3.9462475342420174,10.250647162762839,91.16706284209185,85.80744337114331,192.47585121537546,101.29026492997478,synthetic_example.csv
2025-01-01 12:02:49,4.0154922107753155,10.197238948765385,86.79540837460418,88.81747697087991,193.4265575189931,101.17326636503225,synthetic_example.csv
2025-01-01 12:02:50,4.032839759699863,10.514123518762306,83.81853852821888,92.47510928447055,193.76273322598138,101.24155397123955,synthetic_example.csv
2025-01-01 12:02:51,4.253835079713528,10.441578233296003,90.25241638134015,78.10120999349151,192.64959112892225,101.34803038744155,synthetic_example.csv
2025-01-01 12:02:52,4.217071936573159,10.494604157392999,85.16580190199336,89.32513304043462,189.9861763364199,101.27779302759869,synthetic_example.csv
2025-01-01 12:02:53,4.446743100878525,10.53683817918075,89.11271584109342,90.13721707196707,191.32675861667494,101.23204666182714,synthetic_example.csv
2025-01-01 12:02:54,4.089252876762294,10.25781422981874,90.9162374748355,97.03990730320588,190.84183526076345,101.3695987054773,synthetic_example.csv
2025-01-01 12:02:55,4.273157802052966,10.727150586875236,87.19510863888911,85.868667814744,190.7943438238794,101.37040894662728,synthetic_example.csv
2025-01-01 12:02:56,4.514426162341995,10.635068688066076,90.03747622234368,84.84679380334127,187.77361032382564,101.27747784077589,synthetic_example.csv
2025-01-01 12:02:57,4.457835372710883,10.590050960082115,90.02131190298199,77.4849742682646,190.01729221830632,101.32565335256423,synthetic_example.csv
2025-01-01 12:02:58,4.104868632360878,10.667515700727956,85.77631805631364,81.26129346582123,189.1449592056197,101.2347012840671,synthetic_example.csv
2025-01-01 12:02:59,4.5275786101941735,10.82192787264002,91.39017095016034,79.70383925925046,189.26225189348523,101.23737876422821,synthetic_example.csv
2025-01-01 12:03:00,4.324194785540412,10.66230881231078,89.54499451298801,80.24427335827876,188.8504336338168,101.26378302559785,synthetic_example.csv
2025-01-01 12:03:01,4.522870580387601,10.495856460468737,83.99731693994086,80.86826548376007,185.24161452712426,101.16307852471512,synthetic_example.csv
2025-01-01 12:03:02,4.532393029784365,10.912769883146497,91.8152855196829,77.77012079552156,189.48574090975887,101.33062723941532,synthetic_example.csv
2025-01-01 12:03:03,4.743106956491416,10.605805640577607,92.47372572832796,85.04229104309867,188.9445535072057,101.28934857483257,synthetic_example.csv
2025-01-01 12:03:04,4.550037238366733,10.55963789394588,91.24719296693272,87.50510359822056,184.4536236737779,101.24693568817936,synthetic_example.csv
2025-01-01 12:03:05,4.183914772534307,10.403896406882856,84.3451056486043,89.45035435431348,186.62595675830462,101.30717180644153,synthetic_example.csv
2025-01-01 12:03:06,4.30909564901827,10.728732995998941,98.91437024975303,85.23554194214991,184.80793806927144,101.30975814788896,synthetic_example.csv
2025-01-01 12:03:07,4.75810295268973,10.527755668531771,98.83089250434547,91.06321318529237,185.2976417039553,101.22294094746917,synthetic_example.csv
2025-01-01 12:03:08,4.589397607027114,10.642862176980115,99.04313275366923,91.17915696914301,187.9026133539501,101.23782045421909,synthetic_example.csv
2025-01-01 12:03:09,4.898200896972348,10.845211282001944,97.79089574891475,78.3298431925268,186.66929810521904,101.21764989341368,synthetic_example.csv
2025-01-01 12:03:10,4.7551632190335,10.769924852199843,90.25699565199966,84.61960472827906,189.2758926004187,101.42906279503752,synthetic_example.csv
2025-01-01 12:03:11,4.580829261017856,10.97368963084322,97.52864215551224,79.80465879274605,185.22932881843033,101.12976319587736,synthetic_example.csv
2025-01-01 12:03:12,4.977557424559335,10.837858089620095,92.64742843072187,81.22067384445715,182.5416807969648,101.28723763022589,synthetic_example.csv
2025-01-01 12:03:13,4.630266777655116,10.701680786222198,108.59274051443143,87.09960251372286,184.73494916333914,101.37736708334849,synthetic_example.csv
2025-01-01 12:03:14,4.412095661628116,10.721373798811353,95.42001484733905,85.61685338125608,179.377558776351,101.18779206708284,synthetic_example.csv
2025-01-01 12:03:15,5.266433957649067,10.689914445371496,101.72718835440972,93.6249489508183,187.54591970038376,101.19958059948385,synthetic_example.csv
2025-01-01 12:03:16,4.502722043842002,10.923954771968663,90.99119939701171,96.60716745479036,184.26752176893007,101.19732882198583,synthetic_example.csv
2025-01-01 12:03:17,5.043465360349914,10.801478195241053,93.21807994135447,88.5354768226875,184.39826253210381,101.11544450446756,synthetic_example.csv
2025-01-01 12:03:18,5.135347105394645,10.716715880454409,96.79448090546052,85.54073149561495,183.5789636413617,101.40898670081921,synthetic_example.csv
2025-01-01 12:03:19,5.008435795558336,10.968808583359626,103.34825501069218,85.83269664538179,181.35361356811535,101.26740530382426,synthetic_example.csv
2025-01-01 12:03:20,4.673809896858358,10.819213191529926,102.93067366136233,86.56655351004436,182.59738328650621,101.18082291872275,synthetic_example.csv
2025-01-01 12:03:21,5.244948509098299,10.706188853037094,101.988066319608,89.54783035048484,181.0632276378773,101.22629744120806,synthetic_example.csv
2025-01-01 12:03:22,4.785051501614298,10.495364939377154,91.6300605348856,83.07668951466829,181.40682753186996,101.30530057107765,synthetic_example.csv
2025-01-01 12:03:23,4.835976615284524,10.883097253903594,106.90768677307885,89.72491288096904,182.88951914235304,101.2549936113206,synthetic_example.csv
2025-01-01 12:03:24,5.063607075230102,10.840315302276068,96.96837927046964,85.64763894575343,179.64018396128037,101.19859996310267,synthetic_example.csv
2025-01-01 12:03:25,5.324745456717336,10.799025724158756,110.02273420521792,92.21660407567062,185.1330108703719,101.33650373321758,synthetic_example.csv
2025-01-01 12:03:26,5.25800572353493,10.697351159200302,111.62080240452266,93.79893343714312,179.56494714483674,101.19858063951227,synthetic_example.csv
2025-01-01 12:03:27,5.390878961917581,10.612095681114141,106.76280677006538,95.73080100843035,183.1839326821751,101.2468724268854,synthetic_example.csv
2025-01-01 12:03:28,5.170512422523336,10.727310503658968,107.9137099497544,86.32267423575946,180.10061623049046,101.30256611543851,synthetic_example.csv
2025-01-01 12:03:29,5.255063720574232,10.812027535270527,97.00250253374776,80.41084627197888,178.74892525229467,101.2136360957029,synthetic_example.csv
2025-01-01 12:03:30,5.092045552936791,10.732506152558487,116.54912925103291,78.79328480083285,181.85322859498783,101.29282801437554,synthetic_example.csv
2025-01-01 12:03:31,5.2857560179338465,10.720717390265872,105.06589702859124,85.81232113992581,181.28622363067592,101.22162798535211,synthetic_example.csv
2025-01-01 12:03:32,5.497065237392733,10.646865672926813,109.30573758164682,80.24472558830416,180.3827955376663,101.54811481602778,synthetic_example.csv
2025-01-01 12:03:33,5.347409772555297,10.798389633148862,100.3436647086115,79.15307566240983,180.6015017586716,101.24415872185112,synthetic_example.csv
2025-01-01 12:03:34,5.530999696964555,10.76671829016494,104.6347053367223,85.67789951765661,179.3721013779859,101.35235140286477,synthetic_example.csv
2025-01-01 12:03:35,5.349353712550595,10.558182316629162,99.34808461224497,82.56814101033113,181.36447773502974,101.19959090611101,synthetic_example.csv
2025-01-01 12:03:36,5.373171570630646,10.84868724814317,104.4031342410156,90.99343908697094,179.47164202204974,101.17344587787217,synthetic_example.csv
2025-01-01 12:03:37,5.526638125130386,10.842185729622939,105.99718518102574,97.29122461395116,180.39374013720862,101.27149125032894,synthetic_example.csv
2025-01-01 12:03:38,5.506468892524824,10.833236303018483,107.51366837010909,86.52413387995318,182.4951907330475,101.24943912073145,synthetic_example.csv
2025-01-01 12:03:39,5.6900229523127415,10.630326866072055,113.52587032160775,89.27452030856828,177.5895912747503,101.24981199341484,synthetic_example.csv
2025-01-01 12:03:40,5.632738731304817,10.602912687309445,109.26013569363045,79.87542426705235,179.0373546968321,101.2800531050512,synthetic_example.csv
2025-01-01 12:03:41,5.970093505791697,10.394564209136833,108.38110766988561,88.71918820106406,178.78563169693646,101.37043878542235,synthetic_example.csv
2025-01-01 12:03:42,5.602452995539752,10.761363618990597,107.65886899369751,84.35861357057811,178.51147345876151,101.47194277268405,synthetic_example.csv
2025-01-01 12:03:43,5.624589013543583,10.166701743363522,117.81901246296404,82.41754672004403,177.39122031019366,101.48216411665865,synthetic_example.csv
2025-01-01 12:03:44,5.48503752015535,10.49850923678355,105.16961925349844,78.65478985787054,179.5123205152652,101.28844397082189,synthetic_example.csv
2025-01-01 12:03:45,5.71995726015939,10.491002659747094,114.30100835298386,96.00870424923599,180.35354980459124,101.46334627605141,synthetic_example.csv
2025-01-01 12:03:46,5.8735970140141935,10.711930695181316,98.84569821688541,79.99041705085271,179.829420251606,101.45027237034923,synthetic_example.csv
2025-01-01 12:03:47,5.60987186635482,10.521745152820435,104.55212003650823,82.06133196878744,176.88976601875765,101.21979998543324,synthetic_example.csv
2025-01-01 12:03:48,5.768145824726136,10.309638050176414,111.2796201152403,88.19946650193647,181.43960221559212,101.23343211527812,synthetic_example.csv
2025-01-01 12:03:49,5.941170474888684,10.197345287245401,108.7048427720606,89.64189085692998,181.5213114598446,101.27101481209652,synthetic_example.csv
2025-01-01 12:03:50,5.790666513073924,10.316560183958774,124.82658460298597,89.7078055255193,180.30176099263016,101.47451641478912,synthetic_example.csv
2025-01-01 12:03:51,5.730002070503378,10.462939460779367,122.96389066912292,88.8336896368259,178.22101526893016,101.26615388078162,synthetic_example.csv
2025-01-01 12:03:52,6.045403710059306,10.431420382103093,102.7444463767424,83.8742167273852,178.56336268870353,101.25610342563701,synthetic_example.csv
2025-01-01 12:03:53,5.8863021145060035,10.3592629950588,105.25631841779435,92.21986436508048,184.2044153540286,101.41681099351912,synthetic_example.csv
2025-01-01 12:03:54,5.961465841516398,10.23990459801747,110.16729565718498,89.3903017956431,183.83153070316916,101.2615690557682,synthetic_example.csv
2025-01-01 12:03:55,6.130812881975405,10.312353498024642,119.84258054833013,81.21076868286583,181.43641284504903,101.26401353984194,synthetic_example.csv
2025-01-01 12:03:56,6.139090899802942,10.53119051714132,117.08565526426051,96.52201945781493,178.7708067024964,101.33807039140851,synthetic_example.csv
2025-01-01 12:03:57,5.85317931542508,10.088482153889684,113.29583666834456,86.84398190381249,183.1942036656084,101.29593340355002,synthetic_example.csv
2025-01-01 12:03:58,5.8292130867330725,10.291920888698481,104.84091734702533,93.33591361169478,181.1483605614045,101.03953656374784,synthetic_example.csv
2025-01-01 12:03:59,6.001914574743587,10.585248059176191,107.94208543735759,81.36104457486753,184.2447989083206,101.15478729110502,synthetic_example.csv
2025-01-01 12:04:00,5.928313269099111,10.348482903612105,98.99187897411498,82.72622893844694,179.90327218065505,101.3478026094527,synthetic_example.csv
2025-01-01 12:04:01,5.583771009435949,10.12227785660263,104.97946653065412,85.84770097590898,182.1109027187363,101.13600773178244,synthetic_example.csv
2025-01-01 12:04:02,6.226733841105831,10.321295742471364,115.03700571016029,85.2953222493334,180.90682309723934,101.39892598465347,synthetic_example.csv
2025-01-01 12:04:03,5.982489863848524,10.014145640229813,117.09040371483937,93.85530164372642,182.97179978323584,101.27051049670555,synthetic_example.csv
2025-01-01 12:04:04,6.131880291376945,10.14124621646236,106.85906763697221,80.7115392803502,180.37788117688442,101.30246515094507,synthetic_example.csv
2025-01-01 12:04:05,5.755033552124917,10.42579145017857,114.15005585589022,89.68838519661297,183.63211598717598,101.30521783843948,synthetic_example.csv
2025-01-01 12:04:06,6.251289847969855,10.468845508953608,121.96848224244047,83.83114479176162,181.2194522631719,101.09979264177808,synthetic_example.csv
2025-01-01 12:04:07,5.879044957884889,9.723237104348293,114.87705337143267,91.5208038233353,180.4010896996936,101.20686663651645,synthetic_example.csv
2025-01-01 12:04:08,5.97722558048569,10.17985692275431,112.7481322422438,90.01016583781661,183.49395876601622,101.17329454423019,synthetic_example.csv
2025-01-01 12:04:09,5.719546589295854,10.404406926203789,117.55497742177448,86.25005127593408,183.03157237844198,101.3009248941811,synthetic_example.csv
2025-01-01 12:04:10,5.966524093941511,9.88044304044722,117.34553893728844,100.1530762057618,178.57163512338016,101.4283006926642,synthetic_example.csv
2025-01-01 12:04:11,5.953045681074239,10.016145780761397,115.31835110467496,88.84490016036122,182.907663273361,101.25505194859458,synthetic_example.csv
2025-01-01 12:04:12,5.960037593043112,10.240667877295378,112.44179138170648,94.58605384889348,183.41717576733492,101.28440728626612,synthetic_example.csv
2025-01-01 12:04:13,6.081926567756668,9.81564789765046,113.19677912268975,82.49617072932926,183.81488408157705,101.08420859645449,synthetic_example.csv
2025-01-01 12:04:14,6.0024262479331005,9.979574190719136,115.96617476293075,88.5460841397575,187.75331666479198,101.24042290998706,synthetic_example.csv
2025-01-01 12:04:15,6.180664433893696,9.852455112242895,112.96003375977836,89.64076167989911,182.64995421592985,101.25348563026041,synthetic_example.csv
2025-01-01 12:04:16,5.886051275156364,9.454484491177372,122.5601508359843,89.92078293014933,184.14931161863333,101.25898842377282,synthetic_example.csv
2025-01-01 12:04:17,5.773684674629104,9.88420238216349,120.5435174553144,87.53498977793583,181.06297381133027,101.33683843461118,synthetic_example.csv
2025-01-01 12:04:18,5.961308191113645,9.753757629286154,121.69718746190235,85.14150458471936,181.8103390072267,101.41643668775377,synthetic_example.csv
2025-01-01 12:04:19,6.082089040919465,9.952018696336959,126.57349894988124,73.84559701619318,183.84305206073068,101.27616933621303,synthetic_example.csv
2025-01-01 12:04:20,6.195682732065075,10.161112039474757,124.50293100345719,86.50131401891657,185.0008115281827,101.31668245475339,synthetic_example.csv
2025-01-01 12:04:21,6.0989401541429,9.855510093416711,123.86609481401452,84.78041832546299,185.15467018281674,101.12347077122458,synthetic_example.csv
2025-01-01 12:04:22,5.571542263202389,9.621828022284179,118.79377203754281,88.11615621142299,187.1055562440513,101.33792124034362,synthetic_example.csv
2025-01-01 12:04:23,5.987601050449092,9.76221508965794,116.13334358739051,93.71682481222474,187.59562001713664,101.28130375296062,synthetic_example.csv
2025-01-01 12:04:24,6.190919486731084,9.689743204645897,128.75774153596572,100.53544675803086,188.45329982118136,101.10490107088208,synthetic_example.csv
2025-01-01 12:04:25,5.897126143096726,9.831532112458005,114.03559070095393,92.13360138560449,186.42965953969107,101.31142520279036,synthetic_example.csv
2025-01-01 12:04:26,5.766292186287131,9.317097055129924,114.45402240642137,94.58413610654297,188.05191025456617,101.21295407934308,synthetic_example.csv
2025-01-01 12:04:27,5.9153617139035735,9.34989894278128,113.34757486474348,92.67377606919857,185.9671673663531,101.37821365309873,synthetic_example.csv
2025-01-01 12:04:28,5.736064858387305,9.152850501498502,118.91130390947326,93.18609853763726,188.44291376050825,101.32366152616093,synthetic_example.csv
2025-01-01 12:04:29,5.946891106194958,9.662460292918512,120.06055907275775,92.52613467192798,189.01681370717583,101.28644552886925,synthetic_example.csv
2025-01-01 12:04:30,5.798013773875956,9.516852875016669,123.24888865217596,88.2881234679398,187.397497991753,101.4482270769095,synthetic_example.csv
2025-01-01 12:04:31,6.059964141201279,9.372712095465795,117.10145557352654,87.99855444927552,182.3299173445028,101.262596997338,synthetic_example.csv
2025-01-01 12:04:32,5.8612424232871065,9.336270098389802,109.678037468228,91.30161620268755,187.78999422829622,101.24791277985551,synthetic_example.csv
2025-01-01 12:04:33,5.595788831569027,9.347974645315842,120.05968923288191,98.66686265679502,194.57481821638527,101.28204450690586,synthetic_example.csv
2025-01-01 12:04:34,5.8399826298940125,9.258475459440405,123.45101332065842,93.60586351429669,189.60687886282702,101.29044994736739,synthetic_example.csv
2025-01-01 12:04:35,5.8840373244280775,9.361934490097418,118.84992336666303,97.76620081651018,188.89278966233448,101.19471671526514,synthetic_example.csv
2025-01-01 12:04:36,5.560232434827207,9.310116007884718,118.12928505171213,83.25821850249868,190.74391176482635,101.33574366196665,synthetic_example.csv
2025-01-01 12:04:37,5.565186043147581,9.670283613077178,121.71064043228782,91.08452523194318,193.12520601261713,101.32119927838893,synthetic_example.csv
2025-01-01 12:04:38,5.16508563030784,9.440881567884372,126.1582362835,91.77246359273539,191.94413410784654,101.22763803308435,synthetic_example.csv
2025-01-01 12:04:39,5.781960872419343,9.197064575749904,118.75699662747344,92.4010564557636,191.2468470862503,101.12557743240076,synthetic_example.csv
2025-01-01 12:04:40,5.458290814228543,9.229173800520277,112.07498564626674,82.94138377589766,189.48221401102612,101.39982485083216,synthetic_example.csv
2025-01-01 12:04:41,5.12536362790041,9.571568640012051,116.43747776422939,80.60575347173076,191.8350466723986,101.41127702416755,synthetic_example.csv
2025-01-01 12:04:42,5.16952658116187,9.408757276235486,118.50973256464984,79.21689642716774,190.43316878601195,101.3709425025441,synthetic_example.csv
2025-01-01 12:04:43,5.4516201481125615,9.364474575534825,110.4085800794538,87.85752007148834,193.91413482532073,101.38035182096245,synthetic_example.csv
2025-01-01 12:04:44,5.620780095886177,9.437421387846491,123.3303574937677,101.59289566237993,196.61160307386857,101.46155695098234,synthetic_example.csv
2025-01-01 12:04:45,5.422809055941486,9.599068450431519,115.71130222822964,90.96924282096069,196.106369637563,101.31766777610186,synthetic_example.csv
2025-01-01 12:04:46,5.506515115754532,9.027646805287773,122.14976613201902,83.83609917405956,193.22253470448365,101.44733234316689,synthetic_example.csv
2025-01-01 12:04:47,5.162989111956802,9.111962335928057,120.63977124066477,91.59936199456489,192.84440680869116,101.27217169964945,synthetic_example.csv
2025-01-01 12:04:48,5.085765861333632,8.903691536136742,118.16329390722768,88.40544146289848,192.43625811299248,101.20144102982243,synthetic_example.csv
2025-01-01 12:04:49,5.501582536323925,9.34225072634639,127.90707495531896,90.77864761767297,196.5051569697484,101.28991750300986,synthetic_example.csv
2025-01-01 12:04:50,5.392945403704386,9.159719209129378,117.00299111469583,87.67398384613739,197.16726283161864,101.25787198500937,synthetic_example.csv
2025-01-01 12:04:51,5.258201255331985,9.09407803777853,116.48677765869941,83.4673729626883,198.01894877685666,101.33815326193378,synthetic_example.csv
2025-01-01 12:04:52,5.490246357041229,9.06973182990824,121.34870677017052,87.29271545564254,197.5320211411484,101.46970917902132,synthetic_example.csv
2025-01-01 12:04:53,5.0128830162346,9.354948402428336,124.11147835484901,93.53074836374272,194.85498387922328,101.33191953517901,synthetic_example.csv
2025-01-01 12:04:54,5.088159993489186,9.183536205235255,119.93046815708104,91.48998228647162,193.8483725473721,101.39455029153265,synthetic_example.csv
2025-01-01 12:04:55,5.346409152432903,9.101903240904027,115.05076448626066,96.08721611391347,200.32496759267892,101.50231444779094,synthetic_example.csv
2025-01-01 12:04:56,5.4774756446344925,9.455919475770775,123.43620533849457,84.63217497976629,196.8425282897603,101.46981878793379,synthetic_example.csv
2025-01-01 12:04:57,5.080274929076889,8.993259783253723,123.0114916980216,95.24230081287129,202.72086497517014,101.30081037124285,synthetic_example.csv
2025-01-01 12:04:58,5.383088915684044,8.948015239216984,130.3751440105817,90.31557328926165,195.13759951961626,101.22531804594082,synthetic_example.csv
2025-01-01 12:04:59,4.895231414727464,9.719028106371308,118.90147836521433,90.98689520006364,197.56126241423794,101.50336088823933,synthetic_example.csv
2025-01-01 12:05:00,5.05021643190942,9.126552680166823,121.07152132292957,96.26585684641415,198.3175224099005,101.18568777239732,synthetic_example.csv
2025-01-01 12:05:01,4.91805024923286,9.092196812605792,117.16442970244594,89.38693915178035,201.13146259790074,101.11163156648786,synthetic_example.csv
2025-01-01 12:05:02,4.603760499638339,9.056990299109142,112.5506143580168,91.3243253983956,202.34767346170233,101.09432193005817,synthetic_example.csv
2025-01-01 12:05:03,4.941677800813705,9.177468368020547,120.35184716296988,93.25600347352594,200.33572948497647,101.40917434485874,synthetic_example.csv
2025-01-01 12:05:04,5.04541505235333,9.36455649598154,124.21133396008415,93.303733261598,203.04619926893068,101.14651103766295,synthetic_example.csv
2025-01-01 12:05:05,4.7981333373611,9.362644856624712,114.86973743054372,94.13950486499678,199.67242750613238,101.26761335621266,synthetic_example.csv
2025-01-01 12:05:06,4.782787867096562,9.325488655741578,116.53437964792552,96.5334279387469,201.68671344946574,101.28001224546185,synthetic_example.csv
2025-01-01 12:05:07,5.044757631348179,9.166457117128344,114.00028212574585,92.73181499508456,200.67879242977244,101.4228332088396,synthetic_example.csv
2025-01-01 12:05:08,4.485754260639649,8.930433492446127,126.54639452325524,87.8875438251604,202.40056466607894,101.15659406454489,synthetic_example.csv
2025-01-01 12:05:09,4.40596582444512,9.29207405928065,116.63615594861655,102.33279315063261,202.64271330706956,101.29833429148738,synthetic_example.csv
2025-01-01 12:05:10,4.544753796093338,9.547033970116372,122.6557315237993,89.94025090928078,204.9395414621992,101.323242430095,synthetic_example.csv
2025-01-01 12:05:11,4.406636456037711,9.465671193338785,115.38354460317252,91.9860260109016,211.60993724282665,101.43358302878747,synthetic_example.csv
2025-01-01 12:05:12,4.8859688179901,9.22744558710902,120.03015273713302,86.36370490375701,202.40798904708512,101.26951040339905,synthetic_example.csv
2025-01-01 12:05:13,4.649778259577728,9.43161817472166,116.46822744166651,79.18354891366606,205.14394118598483,101.3205467237142,synthetic_example.csv
2025-01-01 12:05:14,4.386559399461614,9.20474740094117,107.79493316505507,86.20263466568747,207.315357541597,101.26575123203025,synthetic_example.csv
2025-01-01 12:05:15,4.4084560655039935,9.282262432517618,119.85519313709432,90.41081222404705,206.48869798987823,101.40240275082671,synthetic_example.csv
2025-01-01 12:05:16,5.07600325874289,9.058565072672275,122.03377512492237,92.73425813040205,209.57675125556514,101.38764518286642,synthetic_example.csv
2025-01-01 12:05:17,4.354701069603517,9.255186212383359,108.90056592387819,90.21188658678939,205.09269363145475,101.25526637176216,synthetic_example.csv
2025-01-01 12:05:18,4.297761544182791,9.359893679453696,118.36754789329555,94.03607863248278,209.07494987491287,101.34857017414352,synthetic_example.csv
2025-01-01 12:05:19,4.485019742967274,9.312142613166738,116.99321193419085,95.00834729379164,206.34791965030462,101.14653918047549,synthetic_example.csv
2025-01-01 12:05:20,4.526370817308644,9.514761710321157,113.676218124067,94.9824393104659,209.93102118650918,101.3009859195076,synthetic_example.csv
2025-01-01 12:05:21,4.418214082686813,9.752954918507486,117.71811621490222,90.05451652015647,209.00820413192034,101.20611734410346,synthetic_example.csv
2025-01-01 12:05:22,4.167929903058715,9.656616292818798,109.17928588141156,90.43816066947883,209.5448135516514,101.25299088651128,synthetic_example.csv
2025-01-01 12:05:23,4.0942389802010615,9.347968620763893,120.02929309006844,88.93786079361755,208.24983647075547,101.39512295934992,synthetic_example.csv
2025-01-01 12:05:24,4.422393126267803,9.279978207807275,124.60073118956208,85.62847930625546,206.09683446174,101.50902821252986,synthetic_example.csv
2025-01-01 12:05:25,4.27010558967817,9.313506670226879,112.2522885760171,97.11611534713941,207.94727950814863,101.31560912715963,synthetic_example.csv
2025-01-01 12:05:26,3.931147637064116,9.266853096009264,118.1193312847712,83.76062745330256,211.92608720222597,101.28120135445303,synthetic_example.csv
2025-01-01 12:05:27,4.472858325077895,9.488122162384125,125.45463449997023,89.5943420282374,210.34025124211573,101.26196076181508,synthetic_example.csv
2025-01-01 12:05:28,4.3737016869001195,9.584963404292441,118.81725417245922,91.07031424697551,212.68725631668605,101.37015690880258,synthetic_example.csv
2025-01-01 12:05:29,4.151196488611393,9.55726210889321,115.48546081354108,79.2244447621429,208.91485348371566,101.27760805468297,synthetic_example.csv
2025-01-01 12:05:30,4.128878742450478,9.57977338492623,113.39436491505869,93.61821184030543,213.1779597137228,101.39331735869814,synthetic_example.csv
2025-01-01 12:05:31,4.209578702446976,9.593527045990598,118.70126151316215,88.13251265492048,214.2457387076006,101.44900862375985,synthetic_example.csv
2025-01-01 12:05:32,4.009068607956964,9.556753620061953,117.00916466289415,90.98492481835626,208.14684040394675,101.35820122021128,synthetic_example.csv
2025-01-01 12:05:33,3.8608368216524784,9.456383366597727,120.68669138893895,88.18895354933035,213.52645484520875,101.257266352451,synthetic_example.csv
2025-01-01 12:05:34,4.179892681504369,9.971865230640004,109.77962337205702,82.15195915366697,217.07849486568134,101.3719024725079,synthetic_example.csv
2025-01-01 12:05:35,3.813337553610512,9.858893219597734,122.61442754269848,90.78451566510597,212.00721341466672,101.227030392305,synthetic_example.csv
2025-01-01 12:05:36,4.165955981820764,9.490533723429492,115.05532434628721,90.30742776611936,215.8168105824425,101.12056483182445,synthetic_example.csv
2025-01-01 12:05:37,3.7871281094957583,9.51425918099526,120.12615631788347,94.74404365174566,214.20407581109743,101.4099336072404,synthetic_example.csv
2025-01-01 12:05:38,4.0440022869113275,9.60147772960298,113.13687776958992,92.1086851730055,216.1246309637049,101.48746970232528,synthetic_example.csv
2025-01-01 12:05:39,4.026116714817453,9.749040348263339,110.0911209254275,81.29582657162445,213.9346864563227,101.42819417852125,synthetic_example.csv
2025-01-01 12:05:40,4.400110418269503,10.018201654630863,113.57380079125906,95.19260216690942,213.4384570379321,101.26023743763287,synthetic_example.csv
2025-01-01 12:05:41,3.82199386864556,9.993550940153055,111.46093335988574,93.64179808635983,214.40705625757147,100.9584338434661,synthetic_example.csv
2025-01-01 12:05:42,3.744122979876559,10.02852818031045,114.17935310664126,93.4662291441225,214.80241903772486,101.22278295483221,synthetic_example.csv
2025-01-01 12:05:43,3.8910816265587966,10.057124677079646,119.10815109015488,92.0371572343572,214.61387762991424,101.35777885828514,synthetic_example.csv
2025-01-01 12:05:44,3.789745605834507,10.085576881299328,121.07466642263176,86.05695396815373,214.28705228236706,101.25618846197968,synthetic_example.csv
2025-01-01 12:05:45,3.891690428424147,10.036507286872903,116.5069481454677,92.21890121573574,218.49542806566464,101.4343634423292,synthetic_example.csv
2025-01-01 12:05:46,4.089934576549424,10.005052793572874,112.59073906168908,87.70512469790344,215.36919580395565,101.21421111136759,synthetic_example.csv
2025-01-01 12:05:47,4.157285784927014,9.91540892452233,112.83717562020773,103.9036478245541,214.3511616789468,101.34468006949776,synthetic_example.csv
2025-01-01 12:05:48,4.332905787581022,9.615594012963566,117.8516205075927,88.28239118831523,215.11478531007768,101.31751274833954,synthetic_example.csv
2025-01-01 12:05:49,3.852751124396218,9.963666410105246,120.36462065237795,83.8895186822212,218.17860808149445,101.32082308281592,synthetic_example.csv
2025-01-01 12:05:50,4.52787623715877,10.375079962166101,112.85712327485776,87.7033653224985,212.9594684404741,101.15451901079742,synthetic_example.csv
2025-01-01 12:05:51,4.3976780709165535,9.931850182680531,113.6302853184774,96.5729384695247,218.61144442568875,101.28452472767596,synthetic_example.csv
2025-01-01 12:05:52,3.962597120892596,9.939824361623648,110.28148386859532,86.4897059031689,219.23658404154298,101.32099582785548,synthetic_example.csv
2025-01-01 12:05:53,3.548066867962862,10.293501393222888,114.85168879017412,77.08919808807462,220.54740705232902,101.25456428031687,synthetic_example.csv
2025-01-01 12:05:54,3.993760673842127,10.131109376110446,118.37617154141411,96.6185573266453,217.29373114804253,101.16352323828598,synthetic_example.csv
2025-01-01 12:05:55,4.029896838679755,10.043826077649063,98.83400209229454,90.87676137061877,216.70554483477787,101.24559479810526,synthetic_example.csv
2025-01-01 12:05:56,3.5615326260694866,10.476083111329283,114.4071654175544,86.72469497197518,218.8565996927439,101.19853394172338,synthetic_example.csv
2025-01-01 12:05:57,4.043104877342335,10.31393252355009,110.13990309137243,92.7426762224007,218.94392228550402,101.32872912006569,synthetic_example.csv
2025-01-01 12:05:58,3.996225874142237,10.364980567750719,101.01401822115362,84.51874268504328,221.43358053808436,101.39083622883332,synthetic_example.csv
2025-01-01 12:05:59,3.8879869669631906,10.124702157882398,113.97828309297631,83.23057130849537,219.05675101077352,101.32664232623384,synthetic_example.csv
2025-01-01 12:06:00,4.180273051488932,10.36094455712781,111.71551711625851,93.82078231267928,218.22694318410225,101.33076776405963,synthetic_example.csv
2025-01-01 12:06:01,4.2667706453977905,10.360490812191895,113.75943316996823,86.44209318430997,216.53643741576784,101.27575384389127,synthetic_example.csv
2025-01-01 12:06:02,3.9801444030669764,10.463983447588438,104.82881766643115,91.63770181240172,218.89407142314099,101.31291514653951,synthetic_example.csv
2025-01-01 12:06:03,4.135868236000181,10.561471857780745,122.08751387315864,89.0041906943639,219.56558664386802,101.09852799526728,synthetic_example.csv
2025-01-01 12:06:04,3.9725074346507045,10.57959433347924,111.69463885158287,93.07119092618713,221.8705915935883,101.3008807504572,synthetic_example.csv
2025-01-01 12:06:05,3.9605259549944574,10.41086859900811,109.16206765794863,89.40569171757868,219.81075053741287,101.382273733306,synthetic_example.csv
2025-01-01 12:06:06,4.149001142719248,10.536688036609553,118.23134290272107,78.57647143195163,222.37356725470246,101.24051897708478,synthetic_example.csv
2025-01-01 12:06:07,4.253899231910662,10.191395425955076,113.6015459057375,92.18581692106197,222.2266447643779,101.36268585136807,synthetic_example.csv
2025-01-01 12:06:08,4.053511897522708,10.570340041199794,114.23099191546103,86.3650980958684,218.27699773283948,101.14247197286387,synthetic_example.csv
2025-01-01 12:06:09,3.7412177047942543,10.599249916971022,115.60602216530164,93.10821953292132,217.58337193939707,101.29775586701808,synthetic_example.csv
2025-01-01 12:06:10,4.319697845684125,10.404927533932574,99.15206711653123,89.21504481395748,218.63593110901056,101.2741964762823,synthetic_example.csv
2025-01-01 12:06:11,3.9026081600683122,10.347782312764222,117.57377096889095,95.72597417819775,219.47072845826813,101.33959617713143,synthetic_example.csv
2025-01-01 12:06:12,4.266468730010667,10.51011632502198,107.20453745604532,86.9898052771223,218.35004778910582,101.30748798660028,synthetic_example.csv
2025-01-01 12:06:13,4.618774019965133,10.2979963305658,110.07947317436899,78.23102169481157,221.3807166492774,101.5157432588659,synthetic_example.csv
2025-01-01 12:06:14,4.281232424263434,10.627146880843037,112.97407518555812,86.86758054835465,221.33938022144477,100.97398245142446,synthetic_example.csv
2025-01-01 12:06:15,4.068986266155896,10.635641284015765,104.50343200990399,90.99600211307173,222.40491019472157,101.14738530738661,synthetic_example.csv
2025-01-01 12:06:16,4.037724647181505,10.404146802511832,109.35653293697274,86.66556267429166,220.5387101424767,101.2250720475714,synthetic_example.csv
2025-01-01 12:06:17,4.587740408626881,10.619945093010429,111.28049973464773,85.98933943019786,219.0901627978438,101.30216563424447,synthetic_example.csv
2025-01-01 12:06:18,4.3745860541844,10.839940919456803,106.95323209385555,95.65035507490508,220.75261512389042,101.22779024530065,synthetic_example.csv
2025-01-01 12:06:19,4.5108670154047825,10.854266984446571,109.32914009613395,87.4712708540479,218.08190523777145,101.22480346615683,synthetic_example.csv
2025-01-01 12:06:20,4.613714455796142,10.858564275500209,98.51700028485686,93.44859175938852,220.1522477141237,101.13450670552545,synthetic_example.csv
2025-01-01 12:06:21,4.444754348145802,10.640445199511671,100.27408277988572,88.87377010163073,218.2816474450675,101.156178772292,synthetic_example.csv
2025-01-01 12:06:22,4.419474757087654,10.616287708567661,100.16890815957272,80.84937264980468,222.05196254777383,101.2050169226023,synthetic_example.csv
2025-01-01 12:06:23,4.318880571374729,10.618461794178888,107.45791077055912,83.32501292201401,214.34480004239316,101.44468038982158,synthetic_example.csv
2025-01-01 12:06:24,3.919490483995969,10.82720051341716,123.99682408499737,86.40858320355765,221.28380813294206,101.21090487050785,synthetic_example.csv
2025-01-01 12:06:25,4.260492115206082,11.190366527669992,106.27386748346426,89.46350582125152,221.26858879776032,101.56912354188339,synthetic_example.csv
2025-01-01 12:06:26,4.578705915298334,11.011609485033592,103.89517883587484,83.81724064545607,219.32341857416068,101.39932354131071,synthetic_example.csv
2025-01-01 12:06:27,4.586507989709856,11.057655365415457,103.98432773374023,80.7483788848881,219.97581578300444,101.26346875710655,synthetic_example.csv
2025-01-01 12:06:28,4.731582866032726,11.01964060201542,108.89305562962278,82.68987716219385,219.59638416539642,101.3744185536327,synthetic_example.csv
2025-01-01 12:06:29,4.655189721788575,10.435523344438794,107.21352375445346,85.09899269900538,221.653418747134,101.39513358577646,synthetic_example.csv
2025-01-01 12:06:30,4.742371124610337,10.725598469108583,97.57513256924075,83.23122335432704,222.24248863735204,101.17210411496761,synthetic_example.csv
2025-01-01 12:06:31,4.898318569695403,10.68612122186055,108.05672146918221,84.68164900960232,218.81654713099084,101.12954787006451,synthetic_example.csv
2025-01-01 12:06:32,4.594265707523975,11.02870834592524,102.51225208195687,96.85546770924914,221.91585795443322,101.4399391607133,synthetic_example.csv
2025-01-01 12:06:33,4.744585477780436,11.121841531680511,106.38502084466745,88.88519623545015,217.206449456646,101.19625375970602,synthetic_example.csv
2025-01-01 12:06:34,4.511512891743473,10.65597592584982,91.95072849374186,83.34081333478197,219.1597656474836,101.3796935368194,synthetic_example.csv
2025-01-01 12:06:35,5.058637819835532,10.800305646910969,93.82570466595564,87.31887193013137,219.03196574149615,101.3610216881315,synthetic_example.csv
2025-01-01 12:06:36,4.902981255924422,10.907038191198685,104.23494182253286,95.20234616204354,215.45518273079313,101.12479485127236,synthetic_example.csv
2025-01-01 12:06:37,5.024604182484394,10.700153091563113,91.89658922931056,90.49082082378006,218.44410645517064,101.35771808012866,synthetic_example.csv
2025-01-01 12:06:38,5.26655110804767,10.673591579022302,102.49609907053379,86.6860172608541,216.2596185992871,101.34937166026883,synthetic_example.csv
2025-01-01 12:06:39,5.20541990350481,10.664468141336737,101.88318250100768,80.354693576942,218.9790163474376,101.42165050230156,synthetic_example.csv
2025-01-01 12:06:40,5.008977088458247,10.976801551193502,100.56409153147182,78.5754211791776,215.402610643387,101.28940786627763,synthetic_example.csv
2025-01-01 12:06:41,5.209960316719703,10.617076315546884,101.25443651990096,85.30424751096695,213.41290609789286,101.3386199866771,synthetic_example.csv
2025-01-01 12:06:42,4.7974763885220915,11.024248401508684,100.44377058565291,86.41719596802521,214.13394182331166,101.33087675634977,synthetic_example.csv
2025-01-01 12:06:43,5.201910069901434,10.812050768899313,100.99065526735681,78.76452237566379,216.54382060640668,101.26924488022843,synthetic_example.csv
2025-01-01 12:06:44,5.174107167556598,10.941722728952584,96.35786989146632,80.13531546997152,216.88200208257496,101.45749749072029,synthetic_example.csv
2025-01-01 12:06:45,4.853723434877726,11.096321930066782,97.91365876805119,86.55194522506964,216.69281034763887,101.39009855177049,synthetic_example.csv
2025-01-01 12:06:46,5.475717691626554,10.64867455072167,112.30202585332552,75.60819213965085,214.23233635364662,101.4474148829631,synthetic_example.csv
2025-01-01 12:06:47,5.098108492133952,10.61349499186751,102.96997577177937,78.01210189676895,217.0712990946105,101.32863519389262,synthetic_example.csv
2025-01-01 12:06:48,5.406003335737478,10.855779059347032,99.97490882694987,86.30892419255768,214.12864651132867,101.40997964735156,synthetic_example.csv
2025-01-01 12:06:49,5.215537558234646,10.556943012924735,98.50267163680026,89.31010626423708,214.5096099305052,101.19708256340219,synthetic_example.csv
2025-01-01 12:06:50,5.528103493035687,10.60934862319646,92.52884228061016,88.03551038363108,216.6295771961703,101.23038791445104,synthetic_example.csv
2025-01-01 12:06:51,5.621391479025283,10.723993807781838,96.92467321136114,91.36902535846401,214.05882427370062,101.39348195295695,synthetic_example.csv
2025-01-01 12:06:52,5.222118028781621,10.768655958281697,94.17847172044064,94.2011672571391,210.32904820035688,101.26993439724849,synthetic_example.csv
2025-01-01 12:06:53,5.110852668410023,10.478475467832755,99.76442262314052,90.73612640277004,215.21102261727478,101.25299739347611,synthetic_example.csv
2025-01-01 12:06:54,5.419042043241629,10.639871163824907,90.07793227258927,84.85536364007768,213.47805056929468,101.30873061973074,synthetic_example.csv
2025-01-01 12:06:55,5.643058076985798,10.821213616933655,82.45645327276306,96.77480319276914,212.3920699312858,101.13382718842733,synthetic_example.csv
2025-01-01 12:06:56,5.426494387780563,10.961069257083977,91.08649365212852,94.48001169869922,215.42159448720588,101.30959310397085,synthetic_example.csv
2025-01-01 12:06:57,5.405038336428928,10.287650465614613,96.98766295516394,90.69594028134017,211.26358572245604,101.34195591813584,synthetic_example.csv
2025-01-01 12:06:58,5.651863178414524,10.926658912719578,105.41228701896657,81.87139550861528,213.4950095253351,101.26051972611897,synthetic_example.csv
2025-01-01 12:06:59,5.0278181448845976,10.827611615028895,97.85814887510536,87.87733131253438,212.12558275169602,101.17987390436296,synthetic_example.csv
2025-01-01 12:07:00,5.472519012100624,10.420151878386891,87.45022594378096,75.33199719868124,216.70871204057428,101.46877341416324,synthetic_example.csv
2025-01-01 12:07:01,5.353443840222014,10.327788967084986,90.85855165439813,84.07345275365341,207.57042809279184,101.33549261120606,synthetic_example.csv
2025-01-01 12:07:02,5.713282802505214,10.688255691867923,86.80867926314262,73.22121817947881,211.2095817284461,101.18969784118471,synthetic_example.csv
2025-01-01 12:07:03,5.5305392722198565,10.50452871333544,90.2381843347863,83.50021022486513,211.15553794397826,101.23350059633297,synthetic_example.csv
2025-01-01 12:07:04,5.477553536304329,10.597995034724473,86.29298213322856,90.66720037967502,212.2994921488016,101.13019840467487,synthetic_example.csv
2025-01-01 12:07:05,5.651925065607646,10.724576736100332,82.165833863243,85.56314872100239,208.89654438661657,101.11772486260817,synthetic_example.csv
2025-01-01 12:07:06,5.450398256246776,10.460295319828518,92.21460489491226,93.4847704064491,208.1006323775799,101.10051779598635,synthetic_example.csv
2025-01-01 12:07:07,5.762107061541429,10.547841228002747,90.57475998267623,85.33235896627292,211.77639990982945,101.2087784855501,synthetic_example.csv
2025-01-01 12:07:08,5.648151989924141,10.590688156863658,88.34650114205942,85.77685764929198,207.76863180800555,101.33501360264862,synthetic_example.csv
2025-01-01 12:07:09,5.728260383579148,10.653156054931303,90.53453673709693,83.68759219385038,208.79797406863955,101.3669220704045,synthetic_example.csv
2025-01-01 12:07:10,5.678638453664132,10.8065544920235,98.57223456556098,87.79294623532152,207.7518810392965,101.2811069599143,synthetic_example.csv
2025-01-01 12:07:11,6.022026544329504,10.773496055642868,88.59254143191197,84.89289129291379,208.23274513390098,101.39527642606036,synthetic_example.csv
2025-01-01 12:07:12,5.834479792318844,10.461293276676967,85.7160279538308,91.0031311566823,204.38325635605753,101.34973289319468,synthetic_example.csv
2025-01-01 12:07:13,5.976981620309386,10.344448051891625,91.53916073747355,92.9897961491379,205.5985635860717,101.17719682622395,synthetic_example.csv
2025-01-01 12:07:14,5.983001535692791,10.842023151497884,78.59860971381268,86.71896645224048,206.17465758288773,101.20796354566609,synthetic_example.csv
2025-01-01 12:07:15,5.739901157013173,10.474404369748154,90.17508367032855,79.15663662540912,206.10058080503845,101.32131720555934,synthetic_example.csv
2025-01-01 12:07:16,6.028320619554242,10.40910344335551,82.13259483830431,87.50835538787723,207.67549897670278,101.3611332903999,synthetic_example.csv
2025-01-01 12:07:17,5.996436902478384,10.081632277562123,81.51989659597913,91.41846564445977,206.09581653291878,101.40173739586064,synthetic_example.csv
2025-01-01 12:07:18,6.000716666117225,10.43238119227343,85.75070303980816,87.82217178226654,205.8216441144466,101.15464070691021,synthetic_example.csv
2025-01-01 12:07:19,5.868691268059704,10.098974508391612,93.15977126414276,85.95482400968122,204.14993149403642,101.0974995884069,synthetic_example.csv
2025-01-01 12:07:20,5.872564964794861,10.138486748609207,80.66743992622136,89.12545491723843,206.36563287617838,101.49570880963606,synthetic_example.csv
2025-01-01 12:07:21,6.123599513959421,9.939677554317651,88.75355150528091,90.93826707545841,202.22529164762847,101.26508018415106,synthetic_example.csv
2025-01-01 12:07:22,6.410479370669075,10.077745287449792,85.4763144088372,71.2041752190151,202.8329899522034,101.39359793862545,synthetic_example.csv
2025-01-01 12:07:23,5.814695846580175,10.168770133232902,76.22845252605467,91.7919451368889,199.6353531363919,101.29695262584448,synthetic_example.csv
2025-01-01 12:07:24,6.093273652763656,9.833068702065678,87.35977844133527,87.9878854246565,200.09483926670478,101.15469680073534,synthetic_example.csv
2025-01-01 12:07:25,5.917819544219305,9.928640274092377,78.24292731060936,86.44723103092501,203.47208383473955,101.43445633238709,synthetic_example.csv
2025-01-01 12:07:26,6.151746073770867,10.066215635035253,74.61827498851788,81.17983505502355,201.2599704878225,101.34101525858664,synthetic_example.csv
2025-01-01 12:07:27,6.085157116504065,9.805348051394093,77.60706206274978,85.01346649122752,197.22949614005736,101.44259555157464,synthetic_example.csv
2025-01-01 12:07:28,6.2112515701386934,9.782338423854233,77.52392411399657,86.84275541077866,200.4291479896836,101.3551836725801,synthetic_example.csv
2025-01-01 12:07:29,5.441012102228962,9.840816634237633,83.71457921893783,76.29622770543872,199.62382355687194,101.19513498385471,synthetic_example.csv
2025-01-01 12:07:30,5.879504967046934,9.701135126345468,76.68984979904582,87.3885799752923,197.40742155214977,101.29073690856754,synthetic_example.csv
2025-01-01 12:07:31,5.800847006112887,10.078282762203488,87.41166708678998,83.92086727637444,199.92252747701792,101.39497444178592,synthetic_example.csv
2025-01-01 12:07:32,5.974660386778179,9.733178438227664,80.64535649185154,90.82644903201385,198.29651580740298,101.22542244089007,synthetic_example.csv
2025-01-01 12:07:33,5.848272164595548,10.058999274007155,75.54177932229219,86.79067842253214,198.4348622945638,101.31385138364773,synthetic_example.csv
2025-01-01 12:07:34,5.860654318585748,10.065047756551735,74.5575293448681,82.44471265842543,199.88233635106144,101.41190583404321,synthetic_example.csv
2025-01-01 12:07:35,6.12004636759963,9.61760352959851,79.46454129189495,83.51594696129656,196.34879807538505,101.1709758703811,synthetic_example.csv
2025-01-01 12:07:36,6.357910994340011,9.839499934787284,67.77280301853872,86.3719580881996,199.3162739348333,101.25790336747637,synthetic_example.csv
2025-01-01 12:07:37,5.405642291092777,9.711537274659896,66.63314669420093,83.8164921902347,196.21161893579188,101.31301967443943,synthetic_example.csv
2025-01-01 12:07:38,5.900240566024998,9.556084024416911,72.68902346317924,85.73508574639891,195.82144746029167,101.39178833347668,synthetic_example.csv
2025-01-01 12:07:39,6.015710611271549,9.691747853184234,79.85783868348221,79.34737102377854,198.49820857419797,101.28609893666284,synthetic_example.csv
2025-01-01 12:07:40,5.944271822914153,9.686473483781816,77.20215355244059,76.5816064224374,196.2703408595444,101.2237925145532,synthetic_example.csv
2025-01-01 12:07:41,5.863389477300675,9.852529605320477,76.0122030832201,79.88288605000636,194.29436657088203,101.35218892122063,synthetic_example.csv
2025-01-01 12:07:42,5.649891017702055,9.891889905208286,74.43154234222601,75.5124028139091,194.46205070604637,101.23460951393614,synthetic_example.csv
2025-01-01 12:07:43,5.719306549811839,9.445352678496494,64.21129497956272,78.68946066310195,194.72436420376673,101.33803955048175,synthetic_example.csv
2025-01-01 12:07:44,6.039194985288021,9.560976062659822,73.07173686700528,84.2653342712902,190.9906245458874,101.33202858887707,synthetic_example.csv
2025-01-01 12:07:45,6.094823237483703,9.72525737744189,65.4212202248766,74.24215272469608,194.82670595994426,101.27643828518292,synthetic_example.csv
2025-01-01 12:07:46,5.8836067872349025,9.832342167356147,78.07140791663386,76.16871750741096,193.09169376600107,101.38232698641455,synthetic_example.csv
2025-01-01 12:07:47,5.680782739785602,9.089207239254819,73.45266930283711,85.91232238519436,190.12316243999493,101.4147788382499,synthetic_example.csv
2025-01-01 12:07:48,5.850065063899759,9.809822336958456,72.64780019549985,79.49887802842565,190.43332943178382,101.16528510794133,synthetic_example.csv
2025-01-01 12:07:49,5.764997809994626,9.500722984662671,74.69267288039231,82.01130192519042,193.65935483084058,101.34869748621139,synthetic_example.csv
2025-01-01 12:07:50,5.9034045657483984,9.81959923158919,73.91445031537002,75.7925767273011,189.02341755980908,101.27997421737165,synthetic_example.csv
2025-01-01 12:07:51,5.798434860144372,9.40971108235536,73.06530611790208,76.6652047410931,195.4594459502753,101.26643768613566,synthetic_example.csv
2025-01-01 12:07:52,5.630141364025728,9.30923891784022,73.24621376572131,80.28470199197723,188.66135437772027,101.30527967339856,synthetic_example.csv
2025-01-01 12:07:53,5.771611023121566,9.465200561813246,68.16537838728732,89.87485523681949,190.8339170080376,101.41495371459624,synthetic_example.csv
2025-01-01 12:07:54,5.475846344856521,9.671351119610536,64.038628168485,83.8463968459801,184.95352628597655,101.28227807766343,synthetic_example.csv
2025-01-01 12:07:55,5.853275801027913,9.426520876578435,72.02875977077103,73.16554236538818,189.54684502681178,101.26475360512042,synthetic_example.csv
2025-01-01 12:07:56,5.902604095712055,8.932951323441797,77.1596048062322,83.69113651748361,188.2864686171625,101.17141265507031,synthetic_example.csv
2025-01-01 12:07:57,5.406640276194301,9.523392220847699,74.59306435928136,85.97461548589764,189.93888742453706,101.28061664959235,synthetic_example.csv
2025-01-01 12:07:58,5.702118491293794,9.049800939547925,68.07295477213377,84.73160543320596,189.008790112727,101.29739916274995,synthetic_example.csv
2025-01-01 12:07:59,5.394612815690445,9.16048323604715,71.81406085899984,75.06379723548923,187.60987644922727,101.20192548813888,synthetic_example.csv
2025-01-01 12:08:00,5.781571267141089,9.109298488440498,66.16308497199614,80.76520590577881,192.2328620448713,101.26723446574658,synthetic_example.csv
2025-01-01 12:08:01,5.721865583847027,8.960309521505721,69.89722712180924,91.62489302000303,189.1414271768787,101.3458393480445,synthetic_example.csv
2025-01-01 12:08:02,5.4682779693888115,9.063835853551739,64.54781823386482,76.24775641752166,185.80800424605178,101.43733701210715,synthetic_example.csv
2025-01-01 12:08:03,5.6860628169922,9.104143200300255,67.90245824428334,82.49652047604201,187.64367570248513,101.26984284859681,synthetic_example.csv
2025-01-01 12:08:04,5.373138029174093,9.167152141413773,76.82753011675776,76.9828113910552,180.8616346111214,101.49843652289675,synthetic_example.csv
2025-01-01 12:08:05,5.30257963543207,9.267536990159028,70.29211110357262,74.29110378288499,185.14622688527587,101.39880131924312,synthetic_example.csv
2025-01-01 12:08:06,5.2888360181305405,9.200895693367244,73.53915519944442,78.39831718203057,188.49035472565885,101.38616035304845,synthetic_example.csv
2025-01-01 12:08:07,5.345409606399612,8.961840760849949,61.79661893273025,85.61907355271467,184.59306110356232,101.35891091467462,synthetic_example.csv
2025-01-01 12:08:08,5.279527302143923,9.21254769021925,61.852255342214534,86.17411781229006,185.69811649770227,101.3099392974648,synthetic_example.csv
2025-01-01 12:08:09,5.345367655655201,9.4351409665579,64.70484342620435,75.87893838050317,182.8167626583047,101.23735814445557,synthetic_example.csv
2025-01-01 12:08:10,5.161464571739657,9.422695682830543,67.30759340818287,77.8283678151915,186.41000626295,101.29388628016846,synthetic_example.csv
2025-01-01 12:08:11,5.4071114419759105,9.253203277046039,63.10350456835244,75.65898739539028,184.80009449278992,101.30690481288927,synthetic_example.csv
2025-01-01 12:08:12,5.427810336069006,9.344135651894728,68.83649939043609,69.62462517330295,184.29673656575977,101.31724775245588,synthetic_example.csv
2025-01-01 12:08:13,5.0936669452622265,9.393467604072626,60.6421608515591,82.95230224992073,185.90631892843416,101.45559566562177,synthetic_example.csv
2025-01-01 12:08:14,4.876436278963704,9.48288100465022,69.82172972068291,87.62078420792069,187.05701310776485,101.50211615183396,synthetic_example.csv
2025-01-01 12:08:15,5.275517496957694,9.546157054590523,67.49035817312037,87.24292035365407,185.1335427016911,101.35594849197622,synthetic_example.csv
2025-01-01 12:08:16,5.327196333137339,9.13991311554934,56.69840695091192,77.31913924231351,179.83642842609328,101.40257447140061,synthetic_example.csv
2025-01-01 12:08:17,5.0354789840344525,9.147527323195424,64.82246969990432,86.19905235928753,183.85964655382801,101.23381632279677,synthetic_example.csv
2025-01-01 12:08:18,4.779401444559569,9.49509887407942,60.41919875678708,84.92806853270885,183.36785948004368,101.10424058498735,synthetic_example.csv
2025-01-01 12:08:19,5.058596888468969,9.512225186323581,66.26613484562075,77.69309991492483,180.3340420130509,101.29303633096349,synthetic_example.csv
2025-01-01 12:08:20,5.278712986420915,9.508406440062986,58.11886222883037,79.26474887671729,179.18580192155503,101.32804570404411,synthetic_example.csv
2025-01-01 12:08:21,4.56707466017603,8.732619192090354,61.99814184878759,77.35665664739197,181.39428541886124,101.44379923482907,synthetic_example.csv
2025-01-01 12:08:22,5.006542830893527,9.159239846073948,62.808467387476526,80.30574460436414,181.4164890367584,101.54568412167647,synthetic_example.csv
2025-01-01 12:08:23,4.816936664045397,8.554710417747797,45.949247329823585,88.09254312254308,181.69449861033078,101.3304704994851,synthetic_example.csv
2025-01-01 12:08:24,4.6773538492504105,9.355222775043545,49.95758905864058,74.30134874286915,180.1837565311839,101.43461798639267,synthetic_example.csv
2025-01-01 12:08:25,4.91710357242218,9.224563850491377,59.64033939096603,72.86777271347849,181.79261523885845,101.41548894206048,synthetic_example.csv
2025-01-01 12:08:26,4.5268534874412705,9.228860567660256,58.012171973283195,83.11276867677122,181.90589028962955,101.32600464386681,synthetic_example.csv
2025-01-01 12:08:27,4.8153754912506574,9.196643573006673,63.367832397003575,78.95313707551561,180.5864198897559,101.38738171066215,synthetic_example.csv
2025-01-01 12:08:28,4.988247040787366,9.49138285196882,59.06558806100221,69.10935145294788,181.78747484072116,101.34316832934749,synthetic_example.csv
2025-01-01 12:08:29,4.730813531528573,9.179375014301856,51.22918836652764,73.41143559718547,179.7093309821172,101.46021521440095,synthetic_example.csv
2025-01-01 12:08:30,4.490393119900242,9.452661494253872,58.8747814806235,74.24565972085539,177.61127056935592,101.19945096249907,synthetic_example.csv
2025-01-01 12:08:31,4.280308864640805,9.365547119725324,53.13233046150674,75.24559263717843,180.62084229604775,101.07335595679028,synthetic_example.csv
2025-01-01 12:08:32,4.350652228329923,9.335717392804582,55.38962881944302,79.80756320421563,182.28391310332617,101.31865232571539,synthetic_example.csv
2025-01-01 12:08:33,4.210061792187703,9.367128454819529,53.6469719719748,83.0794593053507,185.8168986425927,101.3979418046466,synthetic_example.csv
2025-01-01 12:08:34,4.869912608942941,9.30772404771593,57.591387683762434,77.2057797639239,176.07699264759825,101.41073558150069,synthetic_example.csv
2025-01-01 12:08:35,4.472214720877875,9.078518436088705,48.397165991801906,78.66547725407658,179.23393115174025,101.24895560161956,synthetic_example.csv
2025-01-01 12:08:36,4.285677507295397,9.452884086285952,49.56484117155681,74.10512699406051,178.41685271726908,101.36025987114571,synthetic_example.csv
2025-01-01 12:08:37,4.208167589292613,9.46536605538959,43.70598245326395,82.8392726291352,180.63953814458145,101.24048663039738,synthetic_example.csv
2025-01-01 12:08:38,4.227986249642168,9.307654367731919,65.21016603252328,84.35955758448951,178.28984165081533,101.37422028541435,synthetic_example.csv
2025-01-01 12:08:39,4.348445797135445,9.496961158842993,49.16083810611994,76.22970261555255,180.2457242284631,101.23146536898017,synthetic_example.csv
2025-01-01 12:08:40,4.1338499526719215,9.545635632818431,49.50261225194817,73.75055326243628,181.931798281711,101.19864634558321,synthetic_example.csv
2025-01-01 12:08:41,4.700994937912046,9.125202356073304,47.71563614504025,87.72070510672498,178.4255994190095,101.40026975984696,synthetic_example.csv
2025-01-01 12:08:42,4.192244920435938,9.36935240862834,49.93809652974223,81.90528678147274,179.7559251683955,101.18079889631605,synthetic_example.csv
2025-01-01 12:08:43,4.161847410310681,9.32599713767548,50.639257948879916,72.70950593135693,183.12195791030064,101.15881865666084,synthetic_example.csv
2025-01-01 12:08:44,4.357231753587673,9.251061789610185,55.57852736869425,68.62002791364567,181.65473131882132,101.38538190976733,synthetic_example.csv
2025-01-01 12:08:45,4.563810522732524,9.514565966529643,53.060938470762366,75.51470631240106,176.65230356338054,101.31629719270641,synthetic_example.csv
2025-01-01 12:08:46,4.517221564730251,9.300021336927893,53.49992269055129,82.88441237584972,184.04970158907693,101.07479793082146,synthetic_example.csv
2025-01-01 12:08:47,4.134335423316779,9.400860316283563,48.582396222676664,74.07403773893378,178.56369266090954,101.42446973203306,synthetic_example.csv
2025-01-01 12:08:48,4.263218382404531,9.556403654399674,50.852340924445095,75.47409171936094,180.56399702129482,101.18333989926784,synthetic_example.csv
2025-01-01 12:08:49,4.2230054848828065,9.597368873297462,56.9891319741833,74.1443203967393,179.16998470229117,101.26084314298873,synthetic_example.csv
2025-01-01 12:08:50,4.2809378381081356,9.612251012902437,50.471766108414,79.76869498662914,179.1357260617915,101.29496430374225,synthetic_example.csv
2025-01-01 12:08:51,4.208729347978787,10.01571396152006,51.80097054368354,83.39494309146839,178.71601464517994,101.5076825992152,synthetic_example.csv
2025-01-01 12:08:52,3.9522863624211806,9.489612253325125,39.8119541844978,70.02693704940467,181.40892390174264,101.30392284342788,synthetic_example.csv
2025-01-01 12:08:53,3.873328142938084,9.662209924722378,52.234052810910505,74.7864813139546,178.69356281511645,101.39678383639037,synthetic_example.csv
2025-01-01 12:08:54,4.145677446905851,9.3932109108229,50.632743713361805,75.13408725291136,177.80748089067313,101.29245500329276,synthetic_example.csv
2025-01-01 12:08:55,3.8598996008511626,9.753219924598849,55.47559508602245,72.92365005615187,179.2787075199085,101.35752208246099,synthetic_example.csv
2025-01-01 12:08:56,4.356207307296188,9.910548209254046,34.97005873387879,69.96127710119742,180.5156847480604,101.16560995214704,synthetic_example.csv
2025-01-01 12:08:57,4.079411432323077,9.94585523159504,48.54170519082976,79.95346666116328,176.6142591038714,101.30659283767402,synthetic_example.csv
2025-01-01 12:08:58,3.8549922508427112,9.599440603074136,47.48823924060075,76.53208090736311,182.32829339722355,101.24529380510072,synthetic_example.csv
2025-01-01 12:08:59,3.9855936468803534,9.694500527922388,48.21442595075207,79.25855235219164,179.4329216672701,101.20502854880125,synthetic_example.csv
2025-01-01 12:09:00,3.9391127598654148,10.026908615556442,44.34183032892254,83.14089157319005,182.44753576862223,101.33615158675826,synthetic_example.csv
2025-01-01 12:09:01,4.005929855332298,9.780017646185962,48.23355667765,73.64135689745329,183.90732646244092,101.41033859317825,synthetic_example.csv
2025-01-01 12:09:02,4.213909506182752,10.014887072406266,50.394378580081344,78.08048158238554,181.9229840100436,101.35402324348354,synthetic_example.csv
2025-01-01 12:09:03,3.7293817466784907,9.653303138089809,46.81118250643853,73.26044015779566,182.52188364641026,101.27490062991512,synthetic_example.csv
2025-01-01 12:09:04,3.639251671968925,10.149247578393904,44.82750440275854,74.73815711350511,180.71864562863706,101.37985405215531,synthetic_example.csv
2025-01-01 12:09:05,4.075854430709028,10.102935537166813,44.94025998961195,76.75131880799516,180.4532758998848,101.19559897147587,synthetic_example.csv
2025-01-01 12:09:06,3.969246901307062,10.015308851573542,43.77626581769285,74.17441269277904,178.18636222380138,101.33825162810915,synthetic_example.csv
2025-01-01 12:09:07,4.0347932366207155,9.787883089872906,45.62984009254625,67.3395018746511,181.78080468355748,101.35850194797398,synthetic_example.csv
2025-01-01 12:09:08,4.0894903402347635,9.940790595944398,41.55685336233452,82.34200376740424,181.2728208324631,101.29774473459875,synthetic_example.csv
2025-01-01 12:09:09,3.9637937629138382,10.028154302370202,34.90827992956192,75.45860891333339,177.8358063724894,101.28113641006826,synthetic_example.csv
2025-01-01 12:09:10,4.160353964677742,10.075756019927503,51.361577252927056,68.8769963709083,183.32943045599444,101.31861158699265,synthetic_example.csv
2025-01-01 12:09:11,3.8232180570774363,10.027266480074871,35.51539559238116,63.46200892999693,186.03982626326626,101.24989822535971,synthetic_example.csv
2025-01-01 12:09:12,4.017084600046762,10.029635609169759,43.42924421803601,74.29434494321008,184.0377096569635,101.28440975365797,synthetic_example.csv
2025-01-01 12:09:13,3.8414334085421165,10.136842586089045,37.22040402894575,77.58887198303327,185.7922003338685,101.37995286423237,synthetic_example.csv
2025-01-01 12:09:14,3.7859640715071796,10.402394363443975,42.03817070215036,79.27557759102278,183.17414861550506,101.1143960803276,synthetic_example.csv
2025-01-01 12:09:15,4.1403727307935245,9.746514990991534,38.37263182715004,79.7200614779693,181.92975453009393,101.43111270960074,synthetic_example.csv
2025-01-01 12:09:16,4.137404384726106,9.898378894983665,42.713410275058244,72.12435536309037,184.34802236678294,101.35203516335807,synthetic_example.csv
2025-01-01 12:09:17,3.6424753624229056,9.88826989409401,38.45630892809522,77.16195944767667,183.79064132866623,101.3277852224816,synthetic_example.csv
2025-01-01 12:09:18,3.814708761223404,10.084144880972595,35.9122813362405,66.11845029960004,182.4831575285267,101.20575491257698,synthetic_example.csv
2025-01-01 12:09:19,4.1066941589005435,9.897564849239854,43.67845121925333,74.49634842535744,187.09385281687582,101.26509126368701,synthetic_example.csv
2025-01-01 12:09:20,4.272474739147528,10.38007412057411,48.54224864836215,78.22903498311808,185.65315181949524,101.24664509780422,synthetic_example.csv
2025-01-01 12:09:21,3.93629962567338,10.312160716610485,43.34327597162072,70.49162191767724,184.2944977328982,101.37390856286306,synthetic_example.csv
2025-01-01 12:09:22,4.044714393505225,10.265537503215215,41.900306398039284,72.64479343538268,186.2939788550371,101.36897025105995,synthetic_example.csv
2025-01-01 12:09:23,3.811701321494604,10.20294747004442,35.835853897647645,73.88523382135601,185.90857172294668,101.42107497311035,synthetic_example.csv
2025-01-01 12:09:24,4.610323884086771,10.393254869736067,40.428840353728646,73.94872916154941,187.75045665112432,101.3117181194074,synthetic_example.csv
2025-01-01 12:09:25,4.217859882758407,10.419802149639459,42.826087905515884,80.61712528995122,190.02085887349173,101.10374532104959,synthetic_example.csv
2025-01-01 12:09:26,4.317300855310451,10.472093327118696,37.08889523534334,67.65788475935456,185.91496071559828,101.2091008149252,synthetic_example.csv
2025-01-01 12:09:27,4.286378153030602,10.281724222572427,44.596520963004025,79.67388703013069,185.09198491072596,101.26838498532408,synthetic_example.csv
2025-01-01 12:09:28,4.358655378525957,10.578452973266513,39.64964563700312,66.62281969367578,190.56706125427593,101.33781210322466,synthetic_example.csv
2025-01-01 12:09:29,4.311675755685982,10.17549866194717,41.378123049444866,69.43299098856278,192.9372839781461,101.15492454240079,synthetic_example.csv
2025-01-01 12:09:30,4.141876179458042,10.739250879151331,36.88444095438297,68.79316547948018,187.27284123100327,101.2844024007786,synthetic_example.csv
2025-01-01 12:09:31,4.377354162997911,9.89368925547313,36.68239873849653,72.14736845899093,187.01714551966026,101.3106876065041,synthetic_example.csv
2025-01-01 12:09:32,4.264781201420922,10.40946883236903,39.996533278893786,70.00595269118953,186.7932822218953,101.24458469655117,synthetic_example.csv
2025-01-01 12:09:33,4.529413794249326,10.306383535078611,40.58531769039189,74.80594424792463,189.53281953436252,101.28503406498574,synthetic_example.csv
2025-01-01 12:09:34,4.144857112631898,10.722892029388952,40.163163744141826,72.35265475300662,190.1252371262224,101.53056747385578,synthetic_example.csv
2025-01-01 12:09:35,4.206283743856612,10.285454545026369,33.109426767949145,83.21834676760133,189.75498769078337,101.30166865662149,synthetic_example.csv
2025-01-01 12:09:36,4.470014609193783,10.963818957960946,34.296559454545104,74.03419028899667,192.32150111735612,101.500551569068,synthetic_example.csv
2025-01-01 12:09:37,4.617616472345721,10.306904566301906,37.63369986279444,70.74044440587022,189.38836314458013,101.32724071419477,synthetic_example.csv
2025-01-01 12:09:38,4.415255313261328,11.03727557047151,28.229283799486012,73.78285325966566,190.2123366573805,101.23262713596492,synthetic_example.csv
2025-01-01 12:09:39,4.268860906801566,10.736321322064178,42.51488331853393,74.8068906475136,189.2751486578457,101.35819517628411,synthetic_example.csv
2025-01-01 12:09:40,4.413301542383668,10.667359871404704,38.65216817076468,70.76523514364857,194.9394335100805,101.262210007595,synthetic_example.csv
2025-01-01 12:09:41,4.3637315392961185,10.762214588151563,37.05337671120883,66.0496647546189,194.70690482467649,101.29629401876188,synthetic_example.csv
2025-01-01 12:09:42,4.86955886172828,11.126745986365105,33.0664980967665,67.49475346486066,195.5622302436305,101.07931464594515,synthetic_example.csv
2025-01-01 12:09:43,4.69725296696981,10.879337694203489,40.523606990756086,72.32228356374151,191.6626197893056,101.33720662091457,synthetic_example.csv
2025-01-01 12:09:44,4.798197277784195,10.265843107216769,34.84333528570801,75.51026452367623,196.41938194226282,101.24422979981117,synthetic_example.csv
2025-01-01 12:09:45,4.633865391713776,10.962456251720853,45.498206391826805,73.65298285974706,194.72878497707933,101.41471056383553,synthetic_example.csv
2025-01-01 12:09:46,4.491201857218422,10.780342243732452,37.75635784683881,70.71273251295273,195.98751411330204,101.31302174203921,synthetic_example.csv
2025-01-01 12:09:47,4.865943078089358,10.420231173698381,28.129212265840966,73.87571678360506,196.1181943215476,101.26411489620159,synthetic_example.csv
2025-01-01 12:09:48,4.991509229768035,10.904644704520795,39.019274593216636,68.49287091585472,194.72930460482746,101.19741261780186,synthetic_example.csv
2025-01-01 12:09:49,4.806876104146378,10.518493933216234,32.54168052275713,72.16178210112936,195.44318973094246,101.30367939819935,synthetic_example.csv
2025-01-01 12:09:50,4.715705178079116,10.80436813026096,32.37585651261484,77.88020112020212,193.11888951701005,101.26413347132139,synthetic_example.csv
2025-01-01 12:09:51,4.967098494283196,10.82143157201248,33.57406421461771,76.26007100907292,195.51167334241455,101.22410707589893,synthetic_example.csv
2025-01-01 12:09:52,4.7072755137482485,10.650989704220182,33.932793507211414,77.36141915388258,196.56850202374065,101.48703478830117,synthetic_example.csv
2025-01-01 12:09:53,4.96521770231495,10.915295631254496,35.650433514547416,68.62758844935814,195.13067861898395,101.2866752285251,synthetic_example.csv
2025-01-01 12:09:54,4.700989689198094,10.585797461403432,38.00860391039245,71.40661515026109,198.05264917572566,101.38982858727174,synthetic_example.csv
2025-01-01 12:09:55,4.680385456493545,10.831907144602408,36.276139529166926,65.23901370422894,200.826569050566,101.44693545025703,synthetic_example.csv
2025-01-01 12:09:56,5.019024020248358,10.686974680135235,30.192660131635638,74.79163165857923,197.70950653795705,101.3410417535483,synthetic_example.csv
2025-01-01 12:09:57,5.004690834907196,10.761882984108103,26.870833345771203,67.97276989317659,197.18734828812822,101.36315143348847,synthetic_example.csv
2025-01-01 12:09:58,5.349398094423353,11.184182108578414,29.40712065571791,63.40335126523871,197.83115490099325,101.35100472336791,synthetic_example.csv
2025-01-01 12:09:59,4.943978587103748,10.822408888572431,35.05843656844963,67.41657330436377,200.33000767721083,101.39599754486505,synthetic_example.csv
